Brand,Product Title,Price,Rating,Seller Rating,Ship on Time Score,URL Link,No.of Questions,Specifications
Redmi,Redmi 12C (4GB-128GB),27999,4.4,86.0,76.0,https://www.daraz.pk/products/redmi-12c-4gb-ram-128gb-rom-pta-approved-official-warranty-i426943575-s2026292440.html?search=1,33,Display: 6.71” HD+ Dot Drop display
Realme,Realme Narzo 50A Prime (4GB-128GB) PTA Approved With,32999,4.5,0.0,100.0,https://www.daraz.pk/products/samsung-a14-4gb64gb-5000-mah-battery-66-display-android-13-i436839264-s2101404094.html?search=1,87,ColourXanh Tia Chop = Lightning Blueđen = Black
Infinix,Infinix Note 30 Pro 8-256 GB PTA Approved,64499,4.7,93.0,100.0,https://www.daraz.pk/products/redmi-note-12-8gb-128gb-pta-approved-with-official-1-year-warranty-i421074981-s1988370279.html?search=1,33,"Release Date2023-05-22SIM SupportDual SIM (Nano-SIM, dual stand-by)Phone Dimensions162.7 x 76 x 8.2 mmPhone Weight203 gOperating SystemAndroid 13, XOS 13DisplayScreen Size6.67 inchesScreen Resolution1080 x 2400 pixelsScreen TypeAMOLED, 1B colors, 120Hz, 900 nits (peak)Screen ProtectionN/AMemoryInternal Memory256 GBRAM8 GBCard SlotmicroSDXC (dedicated slot)PerformanceProcessorMediatek MT8781 Helio G99GPUMali-G57 MC2BatteryTypeLi-Po 5000 mAh, non-removableCameraFront Camera32 MPFront Flash LightYesFront Video Recording1080p@30fpsBack Flash LightYesBack Camera108 MP + 2 MP + 2 MPBack Video Recording1440p@30fps, 1080p@30fpsConnectivityBluetoothYes3GYes4G/LTEYes5GNoRadioYesWiFiYesNFCYes (market/region dependent)"
Redmi,Redmi Note 12 8 GB RAM + 128GB,52499,4.7,0.0,100.0,https://www.daraz.pk/products/infinix-note-30-pro-8-256-gb-pta-approved-with-official-1-year-warranty-i436821010-s2101334479.html?search=1,88,Redmi Note 12 8GB RAM + 128GB ROM PTA Approved Mobile Phone with 1 Year Brand Warranty
Redmi,Redmi A2+ - 3GB/64GB - Mediatek Helio G36,22499,4.1,0.0,100.0,https://www.daraz.pk/products/realme-narzo-50a-prime-4gb-128gb-pta-approved-with-official-1-year-warranty-i436801398-s2101274808.html?search=1,111,Display: 6.52” HD+ Dot Drop displayResolution: 1600×720 HD+Processor: MediaTek Helio G36Storage: Expandable Storage up to 1TBOperating System: Android 12 (Go Edition)Rear Camera: 8MP main cameraFront Camera: 5 MP CameraBattery: 5000mAh (typ) high-capacity batteryCharging: 10W fast charging | Micro USBDimensions: 164.9×76.75×9.09mmWeight: 192gAudio: 3.5mm headphone jack
Tecno,Tecno CAMON 20 8GB RAM-256GB ROM 5000MAH BATTERY,48599,4.7,92.0,100.0,https://www.daraz.pk/products/redmi-a2-3gb64gb-mediatek-helio-g36-android-12-5000-mah-battery-i430451931-s2051820850.html?search=1,67,Android 13
Redmi,Redmi A2+ 3GB - 64GB 5000mAh 10W fast,22099,4.6,89.0,90.0,https://www.daraz.pk/products/tecno-camon-20-8gb-ram-256gb-rom-5000mah-battery-pta-approved-official-brand-warranty-i430005529-s2047788423.html?search=1,31,Display: 6.52” HD+ Dot Drop display1600 x 720 HD+
Redmi,Redmi note 12 8GB RAM -128GB ROM PTA,50499,4.7,92.0,100.0,https://www.daraz.pk/products/a04s-4128gb-i424968324-s2012720854.html?search=1,26,"Display6.67"" AMOLED DotDisplayRefresh rate: 120HzBrightness: 450 nits (typ), HBM 700 nits (typ), 1200 nits peak brightnessContrast ratio: 4,500,000:1DCI- P3 wide color gamutResolution: 2400 x 1080Sunlight displayReading modeDesign165.66*75.96*7.85mm183.5gOnyx Gray, Mint Green, Ice BlueRear camera50MP main camera50Mf/1.88MP ultra-wide cameraf/2.2120°2MP macro cameraf/2.4Rear camera video recording1080p 1920x1080 | 30fps720p 1280x720 | 30fpsFront camera13MP front cameraf/2.45Front camera video recording1080p 1920x1080 | 30fps720p 1280x720 | 30fpsChipsetSnapdragon® 685CPU: Octa-core CPU, up to 2.8GHzGPU: Adreno 6106nm manufacturing processMemory4+128/6+128/8+128GBLPDDR4X + UFS2.2Expandable storage up to 1TB*Available storage and RAM are less than the total memory due to storage of the operating system and software pre-installed on the device.**Actual support and compatibility of memory cards may vary between manufacturers.Battery5000mAh (typ)Charging33W fast charging33W in-box chargerUSB-CCooling systemGraphiteSecurity & AuthenticationSide fingerprint sensorAI Face UnlockConnectivityDual SIM + microSD2G: GSM: 850 900 1800 1900MHz3G: WCDMA:1/5/84G: LTE FDD:1/3/5/7/8/20/284G: LTE TDD:38/40/41Bluetooth 5.0Wi-Fi Protocol: 802.11a/b/g/n/acVibration motorCoin vibration motorWater & Dust ResistanceIP53NavigationGPS: L1 ｜GLONASS: G1 | Compass: B1 | Galileo E1Audio3.5mm headphone jackSensorProximity sensor | Ambient light sensor | Accelerometer | Electronic compass | IR blaster ｜GyroscopeUI and systemMIUI 14 based on Android 13"
Redmi,Redmi 12C 4GB RAM + 128GB ROM PTA,29000,4.4,89.0,90.0,https://www.daraz.pk/products/tecno-spark-10-pro-8gb-ram-256gb-rom-pta-approved-official-brand-warranty-i436994487-s2101829511.html?search=1,99,Redmi 12C
Honor,Honor X5 Dual SIM 2GB RAM 32GB 4G,19999,4.7,86.0,76.0,https://www.daraz.pk/products/redmi-a2-3gb-64gb-5000mah-10w-fast-charging-652-hd-dot-drop-display-pta-approved-system-active-i430685852-s2054176513.html?search=1,17,"Honor X5 Dual SIM 2GB RAM 32GB ROM 4G 1Year Official Warranty:Dimension164 x 75.6 x 8.9 mmWeight193 gBatteryNon-removable Li-Po 5000mAh BatteryOSAndroid 12 (Go edition)Memory32GB built-in, 2GB Ram Card slot microSDXCProcessorOcta-core (4x2.0 GHz Cortex-A53 & 4x1.5 GHz Cortex-A53) Mediatek MT6762 Helio G25 (12 nm) GPU PowerVR GE8320ConnectivityBluetooth 5.1, A2DP, LE USB microUSB 2.0, OTG ,WLAN (Wi-Fi 802.11 b/g/n, Wi-Fi Direct, hotspot), GPRS, EDGE, 3G HSPA,4G LTEDisplay Size6.5 inches , Sensors Accelerometer, proximityDisplay ColorsTFT IPS LCD capacitive touchscreen, 16M colors 720 x 1600 pixels, (270 ppi density)Operating FrequencySIM1: GSM 850 / 900 / 1800 / 1900 SIM2: GSM 850 / 900 / 1800 / 1900BrowserHTML5Body ColorsSunrise Orange , Ocean Blue , Midnight BlackEntertainmentFM Radio, 3.5mm audio jack, MP4/H.263/H.264/WMV player, MP3/eAAC+/WMA/WAV player, YouTube, Google Talk, Games (built-in + downloadable)CameraSingle :8MP, f/2.0, (wide), AF LED flash Video 1080p@30fps SELFIE CAMERA Single 5 MP, f/2.2, (wide) Video 1080p@30fpsRing TonesMP3, WAV ringtonesMessagingSMS(threaded view), MMS, Email, Push Mail, IMOther FeaturesGPS, GLONASS, GALILEO, BDS Dual SIM + Micro Sim, dual stand-by), Photo/video editor, Document viewer, Google Search, Maps, Gmail, Document viewer, Speakerphone"
SPARX,"SPARX NEO 7 ULTRA 6+128GB || 6.7"" DISPLAY",28999,4.7,95.0,50.0,https://www.daraz.pk/products/12c-4gb-1-000-gb-10w-i426348483-s2023807194.html?search=1,2,Sparx has officially launched the Neo 7 series with a brand new Ultra variant.
Samsung,Samsung A14 6/128,53999,4.6,92.0,100.0,https://www.daraz.pk/products/samsung-a24-8gb128gb-i427414634-s2030038838.html?search=1,91,Samsung A14 6/128
Samsung,Samsung Galaxy A04 4GB - 64GB OFFICIAL PTA,28999,4.7,86.0,74.0,https://www.daraz.pk/products/honor-x5-dual-sim-2gb-ram-32gb-4g-1year-official-warranty-i421054632-s1988619536.html?search=1,86,"General FeaturesRelease Date2022-02-28SIM SupportSingle SIM (Nano-SIM) or Dual SIM (Nano-SIM, dual stand-by)Phone Dimensions164.4 x 76.3 x 9.1 mmPhone Weight192 gOperating SystemAndroid 12, One UI Core 4.1DisplayScreen Size6.5 inchesScreen Resolution720 x 1600 pixelsScreen TypePLS LCD Capacitive Touchscreen, 16M Colors, MultitouchScreen ProtectionN/AMemoryInternal Memory64GBRAM4/GBCard SlotmicroSDXC (dedicated slot)PerformanceProcessor2.35 Ghz Octa CoreBatteryTypeLi-Po 5000 mAh, non-removableCameraFront Camera5 MPFront Flash LightNoFront Video RecordingYesBack Flash LightYesBack Camera50 MP + 2 MPBack Video Recording1080p@30fpsConnectivityBluetoothYes3GYes4G/LTEYes5GNoRadioN/AWiFiYesNFCNo"
Infinix,"Infinix Hot 30 , 8GB RAM 128GB ROM",36499,3.1,86.0,76.0,https://www.daraz.pk/products/redmi-note-12-8gb-ram-128gb-rom-pta-approved-official-warranty-super-fast-charging-i421521093-s1991845039.html?search=1,5,"General FeaturesRelease Date2023-08-29SIM SupportDual SIM (Nano-SIM, dual stand-by)Phone Dimensions168.7 x 76.6 x 8.4 mmPhone Weight196 gOperating SystemAndroid 13, XOS 12.6DisplayScreen Size6.78 InchesScreen Resolution1080 x 2460 PixelsScreen TypeIPS LCDScreen ProtectionN/AMemoryInternal Memory128 GBRAM8 GBCard SlotmicroSDXC (dedicated slot)PerformanceProcessorMediatek Helio G88 (12nm) Octa-coreGPUMali-G52 MC2"
itel,itel A60s 4GB RAM* +128GB ROM 6.6″ HD+,22399,4.8,94.0,63.0,https://www.daraz.pk/products/30-8gb-256gb-64mp-5000mah-i430239285-s2059656609.html?search=1,97,6.6″ HD+ Display
Infinix,"Infinix Note 30 , 8GB RAM 256GB ROM",47499,4.8,94.0,63.0,https://www.daraz.pk/products/30-8gb-128gb-50mp-5000mah-i432054677-s2064260237.html?search=1,92,"ProcessorCPUOcta-core (2 x 2.2 GHz Cortex-A76 + 6 x 2.0 GHz Cortex-A55) ChipsetMediatek MT8781 Helio G99 (6nm) GPUMali-G57 MC2 DisplayTechnologyIPS LCD Capacitive Touchscreen, 16M Colors, Multitouch Size6.78 Inches Resolution1080 x 2460 Pixels (~396 PPI) Extra Features120Hz, 580 nits (peak) MemoryBuilt-in128/256GB Built-in, 8GB RAM, UFS CardmicroSDXC (dedicated slot) CameraMainTriple Camera: 64 MP, f/1.7, (wide), 1/2"", PDAF + 2 MP, f/2.4, (depth) + QVGA, Quad LED Flash FeaturesPhase detection, Geo-tagging, Panorama, HDR, Video (1440p@30fps, 1080p@30/60fps) Front16 MP, f/2.0, (wide), LED flash, HDR, Video (1080p@30fps)"
Samsung,Samsung A24 8GB+128GB,72999,4.0,92.0,34.0,https://www.daraz.pk/products/vivo-v29e-5g-88gb-extended-ram-256gb-rom-50mp-af-group-selfie-120hz-amoled-display-i437889286-s2113900509.html?search=1,100,Samsung Galaxy A24 - RAM 8 GB - ROM 128 GB - Available in 3 colors - Official Brand Stock - PTA APPROVED
Redmi,Redmi A2+ || 3GB Ram 64GB Rom ||,19999,4.3,87.0,98.0,https://www.daraz.pk/products/itel-a60s-66-hd-display-8128gb-storage-hd-display-8mp-dual-rear-camera-i433726040-s2090405684.html?search=1,100,"ProcessorMediaTek Helio G36CPU: Up to 2.2GHzStorage & RAM2GB+32GB | 3GB+32GBLPDDR4X + eMMC 5.1Supports expandable storage up to 1TBDimensionsHeight: 164.9mmWidth: 76.75mmThickness: 9.09mmWeight: 192g*Data provided by internal laboratories. Industry measurment methods may vary, and therefore actual results may differ.Display6.52” HD+ Dot Drop display1600 x 720 HD+20:9 aspect ratioSupports Night LightRear Camera8MP main cameraf/2.0Auxiliary lens**Auxiliary lens refers to QVGA lens with an active pixel array of 248 x 328.Rear video recording1080p | 1920 x 1080 at 30fps720p | 1280 x 720 at 30fpsFront Camera5MPf/2.2Front video recording1080p | 1920 x 1080 at 30fps720p | 1280 x 720 at 30fpsBattery and Charging5000mAh (typ)10W fast charging10W in-box chargerMicro USBSecurityRear fingerprint sensorNetwork & ConnectivityDual SIM + microSDNetwork bands2G: 850 900 1800 1900MHz3G: 1/5/84G: LTE FDD: B1/3/5/7/8/20/284G: LTE TDD: B38/40/41Wireless NetworksSupports 2.4GHz Wi-FiSupports FM radio* (with headphones)Bluetooth 5.0*The FM function requires the use of wired headphones and may vary across regions.Navigation & PositioningGPS L1 | Glonass G1 | BDS B1I | Galileo E1Audio3.5mm headphone jackSensorsAccelerometerOperating SystemAndroid 12 (Go Edition)Package ContentsRedmi A2+/ Adapter/ USB cable / SIM eject tool / Warranty card / User guide"
Redmi,"Redmi 12C - 6.71"" Inch Display - 4GB",25990,3.8,75.0,92.0,https://www.daraz.pk/products/a57-3gb-32gb-i434032750-s2122630384.html?search=1,63,1 Year Brand Warranty
Redmi,"Redmi Note 12 8GB Ram 128GB Rom, Display",49999,0.0,95.0,70.0,https://www.daraz.pk/products/30-4g-8-gb-256-gb-50-mp-2-mp-2-mp-2-mp-i438403361-s2122417884.html?search=1,37,"BuildOSAndroid 13 OS UIMIUI 14 Dimensions165.7 x 76 x 7.9 mm Weight183 g SIMDual Sim, Dual Standby (Nano-SIM) ColorsOnyx Gray, Mint Green, Ice Blue Frequency2G BandSIM1: GSM 850 / 900 / 1800 / 1900"
Redmi,"Redmi 12C, 4GB RAM 128GB ROM , 50",28999,4.4,85.0,77.0,https://www.daraz.pk/products/redmi-12c-671-inch-display-4gb-ram-i425222112-s2014006595.html?search=1,59,"ProcessorCPUOcta-core (2 x 2.0 GHz Cortex-A75 + 6 x 1.8 GHz Cortex-A55) ChipsetMediatek MT6769Z Helio G85 (12nm) GPUMali-G52 MC2 DisplayTechnologyIPS LCD Capacitive Touchscreen, 16M Colors, Multitouch Size6.71 Inches Resolution720 x 1650 Pixels (~268 PPI) ProtectionCorning Gorilla Glass Extra Features500 nits (typ) MemoryBuilt-in128GB Built-in, 4GB RAM CardmicroSDXC (dedicated slot) CameraMainDual camera: 50 MP, (wide), PDAF + 0.08 MP (depth), LED Flash FeaturesPhase detection, geo-tagging, touch focus, face detection, HDR, panorama, Video (1080p@30fps) Front5 MP, Video (1080p@30fps)"
itel,itel A60s 6.6″ HD+ Display | 8+128GB Storage,22999,4.3,92.0,100.0,https://www.daraz.pk/products/samsung-a14-6128-i422210787-s1998035735.html?search=1,12,6.6″ HD+ Display
Tecno,Tecno POVA 5 Pro 5G 256GB ROM +,57599,4.6,86.0,76.0,https://www.daraz.pk/products/itel-a60s-4gb-ram-128gb-rom-66-hd-display-5000mah-battery-pta-approved-official-brand-warranty-i432849791-s2069109931.html?search=1,104,Drak Illusion/Silver Fantasy
iPhone,iPhone 5s 16B Storage - Powerful Smartphone |,10300,0.0,89.0,47.0,https://www.daraz.pk/products/4gb-a05s-64gb-8mp-ips-lcd-5000mah-i438069913-s2118885564.html?search=1,78,Non PTA Factory Unlocked Affordable 5s: Enjoy the freedom stay connected worldwide with WIFI on a budget.
Xiaomi,Xiaomi Redmi Note 12 || 8GB Ram 128GB,50399,0.0,91.0,75.0,https://www.daraz.pk/products/23-8gb-8gb-256gb-5000mah-i438924368-s2124853900.html?search=1,6,"eneral FeaturesRelease Date2023-05-10SIM SupportHybrid Dual SIM (Nano-SIM, dual stand-by)Phone Dimensions165.66 x 75.96 x 7.85 mmPhone Weight183.5gOperating SystemMIUI 14 based on Android 13DisplayScreen Size6.67 inchesScreen Resolution1080 x 2400 pixelsScreen TypeAMOLED Capacitive Touchscreen, MultitouchScreen ProtectionCorning Gorilla Glass 3MemoryInternal Memory128 GBRAM8 GBCard SlotmicroSDXC (uses shared SIM slot)PerformanceProcessorQualcomm Snapdragon 685 (6nm)GPUAdreno 610BatteryTypeLi-Po 5000 mAh, non-removableCameraFront Camera13 MPFront Flash LightNoFront Video Recording1080p@30fpsBack Flash LightYesBack Camera50 MP + 8 MP + 2 MPBack Video Recording1080p@30fpsConnectivityBluetoothYes3GYes4G/LTEYes5GNoRadioNoWiFiYesNFCNo"
Xiaomi,Xiaomi 13T (12GB-256GB) PTA Approved With Official 1,169999,4.6,92.0,100.0,https://www.daraz.pk/products/samsung-a54-8gb256gb-android-13-5000-mah-battery-64-display-i432674368-s2125093041.html?search=1,75,"Display: FHD+ 6.67” CrystalRes AMOLED display | 2712 x 1220, 446 ppi"
Samsung,Samsung A14 4/128,50999,4.6,90.0,72.0,https://www.daraz.pk/products/oppo-a17-4gb-64gb-5000mah-battery-i422151695-s1997383388.html?search=1,19,Samsung A14 4/128
Redmi,Redmi A2+ (3GB-64GB) PTA Approved With Official 1,19999,4.7,94.0,100.0,https://www.daraz.pk/products/tecno-camon-20-8gb256gb-64-mp-camera-5000-mah-battery-667-i428102257-s2035159540.html?search=1,50,Display: 6.52” HD+ Dot Drop display
itel,"itel S23 8GB Ram 128GB Rom 6.6"" Display",28799,3.0,77.0,87.0,https://www.daraz.pk/products/oppo-a57-52-hd-display-4gb-ram-64gb-rom-dual-sim-pta-approved-phone-and-box-only-charger-accessories-not-included-mix-color-i436688385-s2098284266.html?search=1,136,"The S23 series is equipped with an HD+ fullview display, a powerful octa-core processor, and a fingerprint sensor to provide users with a secure and seamless experience."
Samsung,Samsung A34 - 8GB/256GB - 6.6 inches Display,103499,4.0,92.0,85.0,https://www.daraz.pk/products/sparx-s7-2gb-ram-32gb-rom-tripple-camera-4000mah-battery-545-display-with-one-year-brand-warranty-and-pta-approved-i434688222-s2089434696.html?search=1,43,Samsung A34 - 8GB/256GB - 6.6 inches Display - Android 13 - 5000mAh Battery
Samsung,A57 3gb ram and 32gb memory,12799,4.8,93.0,71.0,https://www.daraz.pk/products/samsung-galaxy-a04s-4gb-128gb-official-pta-approved-official-warranty-i429492323-s2045838409.html?search=1,54,pre { white-space: pre-wrap
Itel,"Itel S23 - 6.6"" Inch Display - 8GB",27999,5.0,0.0,66.0,https://www.daraz.pk/products/12gb-1-gb-pta-i433242717-s2085762036.html?search=1,147,1 Year Brand Warranty
Infinix,Infinix Smart 7 - 64GB ROM - 4GB,25300,4.8,94.0,31.0,https://www.daraz.pk/products/12-8gb-128gb-50-mp-5000mah-i432772560-s2075098581.html?search=1,18,SMART 7Up to 7 Big RAM (Including 3GB Extended RAM)6.6 Big HD+ Sunlight Readable Display13MP Extra Clear AI Dual Camera5000mAh Big & Durable Battery3D Textured Antibacterial DesignFingerprint & Face Safety Unlock
Xiaomi,"Xiaomi Note 12 , 8GB RAM 128GB ROM",49999,4.9,93.0,97.0,https://www.daraz.pk/products/12c-4gb-1-000-gb-10w-i426364045-s2024317570.html?search=1,42,"ProcessorCPUOcta-core (4 x 2.8 GHz Cortex-A73 + 4 x 1.9 GHz Cortex-A53) ChipsetQualcomm SM6225 Snapdragon 685 (6 nm) GPUAdreno 610 DisplayTechnologyAMOLED Capacitive Touchscreen, 16M Colors, Multitouch Size6.67 Inches Resolution1080 x 2400 Pixels (~395 PPI) ProtectionCorning Gorilla Glass 3 Extra Features120Hz, 450 nits (typ), 700 nits (HBM), 1200 nits (peak) MemoryBuilt-in128GB Built-in, 8GB RAM, UFS 2.2 CardNo CameraMainTriple Camera: 50 MP, f/1.8, (wide), 1/2.76"", PDAF + 8 MP, f/2.2, (ultrawide), 1/4"" + 2 MP, f/2.4, (macro), LED Flash FeaturesGeo-tagging, Phase detection, touch focus, HDR, Panorama, Video (1080p@30fps) Front13 MP, f/2.5, (wide), 1/3.0"", HDR, Video (1080p@30fps)"
Tecno,Tecno Camon 20 - 8GB/256GB - 64 MP,53999,4.7,91.0,75.0,https://www.daraz.pk/products/a2-3gb-64gb-5000mah-i430324944-s2050666136.html?search=1,141,"8GB/256GB 64 MP Back Camera - 32 MP Front Camera5000 mAH- Battery6.67"" DisplaySlim Design (Camon Puzzle)Fingerprint on Display"
Itel,"Itel A05s , 4GB RAM 64GB ROM ,",20199,4.7,93.0,100.0,https://www.daraz.pk/products/13t-12gb-256gb-1-pta-i433497804-s2080954311.html?search=1,139,General FeaturesRelease Date2023-09-30SIM SupportDual SimPhone DimensionsN/APhone WeightN/AOperating SystemAndroid 12 (Go edition)DisplayScreen Size6.6 InchesScreen Resolution720 x 1612 PixelsScreen TypeIPS LCDScreen ProtectionN/AMemoryInternal Memory32 GBRAM2 GBCard SlotmicroSDXCPerformanceProcessorUnisoc SC9863A1 (28nm) Octa-coreGPUIMG8322BatteryType4000 mAhCameraFront Camera5 MPFront Flash LightN/AFront Video RecordingYesBack Flash LightYesBack Camera8 MPBack Video RecordingYesConnectivityBluetoothYes3Gnull4G/LTEnull5GNoRadioN/AWiFiYesNFCNo
VGOTEL,VGOTEL Note 23 || 8GB+8GB RAM 256GB ROM,30999,4.8,94.0,63.0,https://www.daraz.pk/products/12c-4gb-128gb-50-mp-al-5000-mah-i430225803-s2080865730.html?search=1,106,General FeaturesRelease Date2023-11-14SIM SupportDual SimPhone DimensionsN/APhone WeightN/AOperating SystemAndroidDisplayScreen Size6.78 InchesScreen Resolution1080 x 460Screen TypeFHD+Screen ProtectionN/AMemoryInternal Memory256 GBRAM8 GB + 8 GB ExtendedCard SlotN/APerformanceProcessorMediaTek Helio G99 6nmGPUN/ABatteryType5000 mAhCameraFront Camera16 MPFront Flash LightN/AFront Video RecordingYesBack Flash LightYesBack Camera50 MP Triple AiBack Video RecordingYesConnectivityBluetoothYes3GYes4G/LTEYes5GNoRadioN/AWiFiYesNFCN/A
Infinix,Infinix Hot 30 || 8GB+8GB Ram 128GB Rom,36999,0.0,96.0,68.0,https://www.daraz.pk/products/23-8-8-16gb-256gb-5000mah-i438405502-s2122429857.html?search=1,92,"General FeaturesRelease Date2023-08-29SIM SupportDual SIM (Nano-SIM, dual stand-by)Phone Dimensions168.7 x 76.6 x 8.4 mmPhone Weight196 gOperating SystemAndroid 13, XOS 12.6DisplayScreen Size6.78 InchesScreen Resolution1080 x 2460 PixelsScreen TypeIPS LCDScreen ProtectionN/AMemoryInternal Memory128 GBRAM8 GBCard SlotmicroSDXC (dedicated slot)PerformanceProcessorMediatek Helio G88 (12nm) Octa-coreGPUMali-G52 MC2BatteryType5000 mAhCameraFront Camera8 MPFront Flash LightYesFront Video Recording1080p@30fpsBack Flash LightYesBack Camera50 MP + 0.08 MPBack Video Recording1440p@30fps, 1080p@30fpsConnectivityBluetoothYes3GYes4G/LTEYes5GNoRadioYesWiFiYesNFCYes"
Samsung,Samsung A54 - 8GB/256GB - Android 13 -,128999,4.5,77.0,87.0,https://www.daraz.pk/products/oppo-a57-2022-65-hd-display-4gb-ram-64gb-rom-dual-sim-pta-approved-phone-and-box-only-charger-accessories-not-included-mix-color-i436693448-s2098342045.html?search=1,113,"6.4 inches, 100.5 cm2 (~82.9% screen-to-body ratio)Android 13, One UI 5.150 MP, f/1.8, (wide), 1/1.56"", 1.0µm, PDAF, OIS 12 MP, f/2.2, 123˚ (ultrawide), 1.12µm 5 MP, f/2.4, (macro)Li-Po 5000 mAh, non-removable"
Xiaomi,"Xiaomi Redmi 12 , 8GB RAM 128GB ROM",43699,0.0,90.0,71.0,https://www.daraz.pk/products/12gb-v29-256gb-678-4600-mah-80-i435993109-s2094160423.html?search=1,101,"BuildOSAndroid 13 OS UIMIUI 14 Dimensions168.6 x 76.3 x 8.2 mm Weight198 g SIMHybrid Dual SIM, Dual Standby, (Nano-SIM) ColorsMidnight Black, Sky Blue, Polar Silver Frequency2G BandSIM1: GSM 850 / 900 / 1800 / 1900"
OPPO,OPPO A17 4GB + 64GB 5000mAh Battery,36999,0.0,90.0,71.0,https://www.daraz.pk/products/12gb-v29-256gb-678-4600-mah-80-i435993109-s2094160423.html?search=1,111,Stylish Design Luxury and premium look
VGOTEL,VGOTEL NOTE 23 8+8=16GB RAM 256GB ROM =,30999,4.6,92.0,85.0,https://www.daraz.pk/products/sparx-neo-x-4gb-ram-64gb-rom-50mp-2mp-camera-5000mah-battery-pta-approved-1-year-brand-warranty-i429329343-s2045915202.html?search=1,51,"6.78""Inches"
Samsung,Samsung Galaxy A04s 4GB - 128GB OFFICIAL PTA,39999,4.9,92.0,100.0,https://www.daraz.pk/products/samsung-a34-8gb256gb-66-inches-display-android-13-5000mah-battery-i433327714-s2125087779.html?search=1,80,Official PTA Approved
Redmi,Redmi 12C 4GB RAM + 64GB ROM PTA,26480,5.0,91.0,75.0,https://www.daraz.pk/products/y27s-wair-6-6gb-64gb-5000mah-i434207118-s2082927409.html?search=1,132,Redmi 12C
Infinix,Infinix Zero 30 4G RAM 8 GB ROM,75000,5.0,87.0,18.0,https://www.daraz.pk/products/12-8gb-128gb-50mp-5000mah-i429660348-s2045859828.html?search=1,129,"BuildOSAndroid 13 OS UIXOS 13 Dimensions164.5 x 75 x 7.9 mm Weight182 g SIMDual Sim, Dual Standby (Nano-SIM) ColorsSunset Gold, Misty Green, Pearly White Frequency2G BandSIM1: GSM 850 / 900 / 1800 / 1900"
Redmi,"Redmi A2 Plus , 3GB RAM 64GB ROM",20999,4.7,92.0,100.0,https://www.daraz.pk/products/samsung-a14-4128-i422211748-s1998041160.html?search=1,69,"BuildOSAndroid 12 Go edition UIMIUI Dimensions164.9 x 76.8 x 9.1 mm Weight192 g SIMDual Sim, Dual Standby (Nano-SIM) ColorsLight Green, Light Blue, Black Frequency2G BandSIM1: GSM 850 / 900 / 1800 / 1900"
Tecno,Tecno Camon 20 || 8GB ROM 256GB ROM,46500,0.0,95.0,70.0,https://www.daraz.pk/products/c51-4gb-64gb-5-mp-50-mp-008-mp-5000-mah-i438776261-s2124156020.html?search=1,100,"Tecno Camon 20 detailed specifications Build OS Android 13 OS UI HIOS 13 Dimensions 162.7 x 75.9 x 7.8 mm Weight N/A SIM Dual Sim, Dual Standby (Nano-SIM) Colors Predawn Black, Glacier Glow, Serenity Blue Frequency 2G Band SIM1: GSM 850 / 900 / 1800 / 1900"
TECNO,TECNO CAMON 20 - 8GB+8GB RAM 256GB ROM,47000,0.0,89.0,47.0,https://www.daraz.pk/products/13t-12gb-256gb-50mp-5000mah-i436690801-s2098339587.html?search=1,30,"Tecno Camon 20 detailed specificationsBuildOSAndroid 13 OS UIHIOS 13 Dimensions162.7 x 75.9 x 7.8 mm WeightN/A SIMDual Sim, Dual Standby (Nano-SIM) ColorsPredawn Black, Glacier Glow, Serenity Blue Frequency2G BandSIM1: GSM 850 / 900 / 1800 / 1900"
Sparx,Sparx Neo X || 4GB RAM 64GB ROM,24999,5.0,88.0,84.0,https://www.daraz.pk/products/12-2gb-64gb-652-5000mah-i425521808-s2015916870.html?search=1,148,"Sparx Neo X SIM Support Dual Sim, Dual Standby (Nano-SIM) Phone Dimensions N/A Phone Weight N/A Operating System Android 12 OS Display Screen Size 6.5 Inches Screen Resolution 720 x 1600 Pixels Screen Type IPS LCD Capacitive Touchscreen, 16M Colors, Multitouch Screen Protection N/A Memory Internal Memory 64 GB RAM 4 GB Card Slot Yes Performance Processor Mediatek Helio G37 Octa core Processor GPU PowerVR Battery Type 5000 mAh Camera Front Camera 8 MP Front Flash Light N/A Front Video Recording Yes Back Flash Light Yes Back Camera 50 MP + 2 MP + AI Back Video Recording Yes Connectivity Bluetooth Yes 3G Yes 4G/LTE Yes 5G No Radio Yes WiFi Yes NFC No"
Redmi,Redmi 12 || 8GB Ram 128GB Rom ||,42999,0.0,89.0,90.0,https://www.daraz.pk/products/tecno-pova-5-pro-5g-256gb-rom-8gb-ram-5000mah-mega-battery-pta-approevd-official-brand-warranty-i436995460-s2101833767.html?search=1,0,"6.79"" FHD+ DotDisplay2460x1080, 396 ppiContrast ratio: 1500:1Color gamut: 70% NTSCBrightness: up to 550 nits (HBM)AdaptiveSync display: 36Hz/48Hz/60Hz/90HzSupports readming mode 3.0SGS Low Blue Light Certification"
Realme,Realme C51 RAM 4GB ROM 64GB Front Camera,33000,4.6,85.0,77.0,https://www.daraz.pk/products/itel-s23-66-inch-display-8gb-8gb-ram-128gb-256gb-rom-i427991771-s2034404169.html?search=1,131,"BuildOSAndroid 13 OS UIRealme UI T Dimensions167.2 x 76.7 x 8 mm Weight186 g SIMDual Sim, Dual Standby (Nano-SIM) ColorsMint Green, Carbon Black Frequency2G BandSIM1: GSM 850 / 900 / 1800 / 1900"
Xiaomi,Xiaomi Redmi 12C - 4GB RAM 64GB/128GB ROM,25499,0.0,82.0,66.0,https://www.daraz.pk/products/64gb-4gb-y83-i438268078-s2122207738.html?search=1,53,PTA Approved
Sparx,Sparx neo 7 ultra 8GB RAM 128GB ROM,31499,4.7,91.0,75.0,https://www.daraz.pk/products/12-air-8gb-128gb-wach-5000mah-i432544717-s2064878271.html?search=1,84,"Sparx Neo 7 Ultra detailed specificationsBuildOSAndroid 12 OS DimensionsN/A WeightN/A SIMDual Sim, Dual Standby (Nano-SIM) ColorsVarious Frequency2G BandSIM1: GSM 850 / 900 / 1800 / 1900"
Redmi,Redmi 12 || 4GB Ram 128GB Rom ||,36999,5.0,91.0,75.0,https://www.daraz.pk/products/12-4gb-1-000-gb-i434655943-s2084959088.html?search=1,11,"General FeaturesRelease Date2023-09-12SIM SupportHybrid Dual SIM (Nano-SIM, dual stand-by)Phone Dimensions168.6 x 76.3 x 8.2 mmPhone Weight198.5 gOperating SystemAndroid 13, MIUI 14DisplayScreen Size6.79 InchesScreen Resolution1080 x 2460 PixelsScreen TypeIPS LCDScreen ProtectionN/AMemoryInternal Memory128 GBRAM4 GBCard SlotYesPerformanceProcessorMediatek Helio G88 (12nm) Octa-coreGPUMali-G52 MC2BatteryType5000 mAhCameraFront Camera8 MPFront Flash LightN/AFront Video RecordingYesBack Flash LightYesBack Camera50 MP + 8 MP + 2 MPBack Video RecordingYesConnectivityBluetoothYes3GYes4G/LTEYes5GNoRadioYesWiFiYesNFCYes"
Infinix,"Infinix Note 30 , 8GB RAM 256GB ROM",47999,4.7,93.0,100.0,https://www.daraz.pk/products/a2-64gb-3gb-1-pta-i430539584-s2053267858.html?search=1,132,"ProcessorCPUOcta-core (2 x 2.2 GHz Cortex-A76 + 6 x 2.0 GHz Cortex-A55) ChipsetMediatek MT8781 Helio G99 (6nm) GPUMali-G57 MC2 DisplayTechnologyIPS LCD Capacitive Touchscreen, 16M Colors, Multitouch Size6.78 Inches Resolution1080 x 2460 Pixels (~396 PPI) Extra Features120Hz, 580 nits (peak) MemoryBuilt-in128/256GB Built-in, 8GB RAM, UFS CardmicroSDXC (dedicated slot) CameraMainTriple Camera: 64 MP, f/1.7, (wide), 1/2"", PDAF + 2 MP, f/2.4, (depth) + QVGA, Quad LED Flash FeaturesPhase detection, Geo-tagging, Panorama, HDR, Video (1440p@30fps, 1080p@30/60fps) Front16 MP, f/2.0, (wide), LED flash, HDR, Video (1080p@30fps)"
vivo,vivo y83 4GB 64GB Dual Sim Approved Only,15999,4.8,99.0,81.0,https://www.daraz.pk/products/5-2-pta-8128-i426378803-s2033490212.html?search=1,127,pre { white-space: pre-wrap
Vivo,Vivo Y17S || 6GB+6GB Ram 128GB Rom ||,44999,0.0,91.0,75.0,https://www.daraz.pk/products/15-5g-pta-i435781778-s2091201800.html?search=1,125,"General FeaturesRelease Date2023-09-18SIM SupportDual SIM (Nano-SIM, dual stand-by)Phone Dimensions163.7 x 75.4 x 8.1 mmPhone Weight186 gOperating SystemAndroid 13, Funtouch 13DisplayScreen Size6.56 InchesScreen Resolution720 x 1612 PixelsScreen TypeIPS LCD, 700 nits (peak)Screen ProtectionN/AMemoryInternal Memory128 GBRAM6 GBCard SlotmicroSDXC (dedicated slot)PerformanceProcessorMediatek MT6769 Helio G85 Octa-coreGPUMali-G52 MC2BatteryType5000 mAhCameraFront Camera8 MPFront Flash LightN/AFront Video Recording1080p@30fpsBack Flash LightYesBack Camera50 MP + 2 MPBack Video Recording1080p@30fpsConnectivityBluetoothYes3GYes4G/LTEYes5GNoRadioFM radioWiFiYesNFCNo"
Redmi,"Redmi Note 12 8GB Ram 128GB Rom, Display",49999,5.0,99.0,81.0,https://www.daraz.pk/products/lg-v60-pta-8128-i427878874-s2034508752.html?search=1,146,"BuildOSAndroid 13 OS UIMIUI 14 Dimensions165.7 x 76 x 7.9 mm Weight183 g SIMDual Sim, Dual Standby (Nano-SIM) ColorsOnyx Gray, Mint Green, Ice Blue Frequency2G BandSIM1: GSM 850 / 900 / 1800 / 1900"
Tecno,Tecno Spark 10C RAM 4 GB ROM 128,29999,5.0,89.0,47.0,https://www.daraz.pk/products/20-8gb-8gb-256gb-5000-mah-i428986336-s2045897546.html?search=1,35,"BuildOSAndroid 12 OS UIHIOS 8.6 Dimensions163.9 x 75.5 x 8.5 mm WeightN/A SIMDual Sim, Dual Standby (Nano-SIM) ColorsBlack, Blue, Green Frequency2G BandSIM1: GSM 850 / 900 / 1800 / 1900"
Infinix,Infinix Note 30 Pro || 8GB RAM 256Gb,62799,4.6,87.0,18.0,https://www.daraz.pk/products/30-8gb-256gb-64mp-5000mah-i428260994-s2049065109.html?search=1,124,"InfinixNote 30 Pro detailed specifications Build OS Android 13 OS UI XOS 13 Dimensions 162.7 x 76 x 8.2 mm Weight 203 g SIM Dual Sim, Dual Standby (Nano-SIM) Colors Magic Black, Variable Gold Frequency 2G Band SIM1: GSM 850 / 900 / 1800 / 1900"
Sparx,"Sparx Neo 5 Pro || 6.5"" Display|| 2GB",19500,4.7,91.0,75.0,https://www.daraz.pk/products/12-8gb-128gb-5000mah-33-i421379488-s1989920618.html?search=1,33,Sparx wants to launch new Neo 5 series of smartphones in local markets.
Sparx,Sparx S7 2GB Ram 32GB Rom Tripple Camera,14299,5.0,0.0,100.0,https://www.daraz.pk/products/x-pta-64gb-256gb-id-100-i438159695-s2119064119.html?search=1,135,• The Sparx S7 boasts 2GB RAM and 32GB ROM for efficient performance.
Infinix,Infinix Zero 30 4G RAM 8 GB ROM,75000,4.7,90.0,71.0,https://www.daraz.pk/products/12c-4gb-1-000-gb-10w-i425749788-s2018940686.html?search=1,40,"BuildOSAndroid 13 OS UIXOS 13 Dimensions164.5 x 75 x 7.9 mm Weight182 g SIMDual Sim, Dual Standby (Nano-SIM) ColorsSunset Gold, Misty Green, Pearly White Frequency2G BandSIM1: GSM 850 / 900 / 1800 / 1900"
Infinix,Infinix Note 30 8GB Ram 256GB Memory,46697,5.0,95.0,94.0,https://www.daraz.pk/products/4gb-12c-64gb-pta-1-i424399248-s2010703888.html?search=1,95,"Infinix Note 30 detailed specificationsBuildOSAndroid 13 OS UIXOS Dimensions168.6 x 76.6 x 8.6 mm Weight219 g SIMDual Sim, Dual Standby (Nano-SIM) ColorsObsidian Black, Interstellar Blue, Sunset Gold Frequency2G BandSIM1: GSM 850 / 900 / 1800 / 1900"
Itel,Itel A60s || 4GB + 128GB || 6.6,22999,4.4,86.0,76.0,https://www.daraz.pk/products/infinix-smart-7-64gb-rom-4gb-ram-pta-approved-official-warranty-i404870740-s1950358084.html?search=1,106,"BuildOSAndroid 12Dimensions--- x --- x 8.9 mm thickness (Height x Width x Thickness)Weight-SIMDual SIM (Nano-SIM, dual stand-by)ColorsGlacier Green, Sunshine Gold, Moonlit Violet, Shadow BlackLaunchReleasedJune 15, 2023StatusAvailableinNigeria, Ghana, Bangladesh, South Africa, Kenya, Zimbabwe, Pakistan, India, Uganda, Tanzania, Nepal, Thailand, Indonesia, Saudi Arabia, UAE, Sri Lanka & GlobalFrequencyDataGSM / HSPA / LTE2G BandsSIM 1: GSM 850 / 900 / 1800 / 1900"
Samsung,Samsung Galaxy A73 5G - 8GB ROM 256GB,172999,4.7,91.0,75.0,https://www.daraz.pk/products/30-8gb-128gb-5000mah-i431382940-s2064284782.html?search=1,86,PTA Approved
Lg,Lg V60 Thing original Official Pta approved 8/128,58000,0.0,95.0,94.0,https://www.daraz.pk/products/c51-4gb-64gb-5-mp-50-mp-008-mp-5000-mah-i438775341-s2124145857.html?search=1,57,LG V60 ORIGINAL PRODUCT 10BY10 WATERPACK SINGLE SIM ONLY WE MAKE PTA APPROVED AFTER DELIVERY ON CNIC
Infinix,Infinix Note 30 Pro || 8GB + 8GB,62999,4.8,94.0,87.0,https://www.daraz.pk/products/p17-2gb-32gb-fwvga-sc7731e-1-mah-i363555806-s1814617710.html?search=1,23,"General FeaturesRelease Date2023-05-22SIM SupportDual SIM (Nano-SIM, dual stand-by)Phone Dimensions162.7 x 76 x 8.2 mmPhone Weight203 gOperating SystemAndroid 13, XOS 13DisplayScreen Size6.67 inchesScreen Resolution1080 x 2400 pixelsScreen TypeAMOLED, 1B colors, 120Hz, 900 nits (peak)Screen ProtectionN/AMemoryInternal Memory256 GBRAM8 GBCard SlotmicroSDXC (dedicated slot)PerformanceProcessorMediatek MT8781 Helio G99GPUMali-G57 MC2BatteryTypeLi-Po 5000 mAh, non-removableCameraFront Camera32 MPFront Flash LightYesFront Video Recording1080p@30fpsBack Flash LightYesBack Camera108 MP + 2 MP + 2 MPBack Video Recording1440p@30fps, 1080p@30fpsConnectivityBluetoothYes3GYes4G/LTEYes5GNoRadioYesWiFiYesNFCYes (market/region dependent)"
Redmi,Redmi 12C || 4GB Ram 128GB Rom ||,28999,0.0,95.0,94.0,https://www.daraz.pk/products/30-4g-8-gb-256-gb-50-mp-2-mp-2-mp-2-mp-i438402434-s2122420391.html?search=1,42,"BuildOSAndroid 12 OS UIMIU1 13 Dimensions168.8 x 76.4 x 8.8 mm Weight192 g SIMDual Sim, Dual Standby (Nano-SIM) ColorsBlack, Blue, Mint, Violet Frequency2G BandSIM1: GSM 850 / 900 / 1800 / 1900"
Xiaomi,"Xiaomi 13T Pro - 6.67"" Inch AMOLED Display",238499,4.4,94.0,63.0,https://www.daraz.pk/products/a2-3gb-64gb-8mp-5000mah-i431415621-s2075020731.html?search=1,141,1 Year Brand Warranty
Apple,Apple iPhone 15 Pro Max 5G || PTA,649999,4.3,89.0,47.0,https://www.daraz.pk/products/8gb-s23-128gb-66-mah-50mp-pta-i427887954-s2033472043.html?search=1,48,"General FeaturesRelease Date2023-09-12SIM SupportDual SIM (Nano-SIM, dual stand-by) - HK VersionPhone Dimensions159.9 x 76.7 x 8.2 mmPhone Weight221 gOperating SystemiOS 17DisplayScreen Size6.7 InchesScreen Resolution2796 x 1290 PixelsScreen TypeSuper Retina XDR OLEDScreen ProtectionCeramic Shield glassMemoryInternal Memory256/ 512 GB/ 1 TBRAM8 GBCard SlotNoPerformanceProcessorApple A17 Pro Hexa-coreGPUApple GPU (6-core graphics)BatteryType4422 mAhCameraFront Camera12 MPFront Flash LightNoFront Video Recording4K@24/25/30/60fps, 1080p@25/30/60/120fps, gyro-EISBack Flash LightYesBack Camera48 MP + 12 MP + 12 MPBack Video Recording4K@24/25/30/60fps, 1080p@25/30/60/120/240fps, 10-bit HDR, Dolby Vision HDR (up to 60fps), ProRes, Cinematic mode (4K@24/30fps), 3D (spatial) video, stereo sound rec.ConnectivityBluetoothYes3GYes4G/LTEYes5GYesRadioNoWiFiYesNFCYes"
Sparx,Sparx Neo 7 Ultra 128GB ROM | 8GB,32599,5.0,95.0,91.0,https://www.daraz.pk/products/20-8gb-ram-256gb-5000mah-pta-i432856844-s2101369194.html?search=1,7,"Display: 6.52"""
Redmi,"Redmi 12 - 6.79"" Inch Display - 8GB",43950,0.0,92.0,85.0,https://www.daraz.pk/products/sparx-neo-5-pro-65-display-2gb-32gb-5000mah-battery-13mp-pta-approved-1-year-warranty-i437917538-s2118964902.html?search=1,94,1 Year Brand Warranty
Tecno,"Tecno Spark 10 Pro , 8GB RAM 128GB",37999,4.1,86.0,76.0,https://www.daraz.pk/products/sparx-neo-7-ultra-128gb-rom-8gb-ram-battery-5000mah-display-652-pta-approved-official-brand-warranty-i433245694-s2076772714.html?search=1,104,6.78 InchesDisplay
Mobile,"Mobile Y85a, Dual Sim, Display 6.2""in, Storage 4/64",17950,5.0,94.0,31.0,https://www.daraz.pk/products/12-4gb-128gb-50-mp-5000mah-i434797635-s2087484552.html?search=1,40,HIGHLIGHTS:
Xiaomi,"Xiaomi 13T , 12GB RAM 256GB ROM ,",172999,0.0,85.0,77.0,https://www.daraz.pk/products/xiaomi-13t-pro-667-inch-amoled-display-12gb-ram-512gb-rom-i434620695-s2084510864.html?search=1,4,"BuildOSAndroid 13 OS UIMIUI 14 Dimensions162.2 x 75.7 x 8.5 mm Weight193 g SIMDual Sim, Dual Standby (Nano-SIM) ColorsAlpine Blue, Meadow Green, Black Frequency2G BandSIM1: GSM 850 / 900 / 1800 / 1900"
Redmi,Redmi 12C || 4GB Ram 128GB Rom ||,28999,5.0,94.0,63.0,https://www.daraz.pk/products/7-13-mp-4gb-64gb-5000-mah-i432049716-s2080852409.html?search=1,71,"BuildOSAndroid 12 OS UIMIU1 13 Dimensions168.8 x 76.4 x 8.8 mm Weight192 g SIMDual Sim, Dual Standby (Nano-SIM) ColorsBlack, Blue, Mint, Violet Frequency2G BandSIM1: GSM 850 / 900 / 1800 / 1900"
Infinix,Infinix Note 30 RAM 8GB+8GB & 256GB Storage,48499,4.5,88.0,95.0,https://www.daraz.pk/products/30-8gb-128gb-5000mah-i432048376-s2094321959.html?search=1,29,"NOTE 3045W All-Round FastCharge+5000mAh Mega Battery6.78"" FHD+ Eye-care Display with 120Hz Dynamic Refresh Rate64MP Ultra Clear Triple CameraUp to 16GB Extended RAM 8GB+8GB & 256GB StorageHelio G99 6nm Ultra Power Processor with Android 13Dual Speaker with Sound by JBL & Hi-ResSize and WeightMODELX6833BDIMENTION168.62x76.6x8.58mm(Glass Version)/168.62x76.6x8.60mm(Leather Version)WEIGHT219gCOLOURObsidian Black /Interstellar Blue/Sunset GoldPLATFORMCHIPSETMediaTek Helio G99CPUOcta-core (2x2.2 GHz Cortex-A76 & 6x2.0 GHz Cortex-A55)GPUMali-G57 MC2NETWORKTECHNOLOGY2G / 3G / 4GBANDWIDTH*2G：2|3|5|8 3G：B1|5|8 4G：B1|3|5|8|38|40|412G：B2|3|5|8 3G：B1|2|4|5|8 4G： B1|2|3|4|5|7|8|20|28A|28B|38| 41(120M)|402G：B3|8 3G：B1|8 4G：B1|3|7|8|20|28A*Bandwidth availability and connectivity can vary depending on region and local service provider.CAMERACAMERAREAR: 64MP( OmniVison'sOV64B40,1/2'' SENSOR, 6P lens, F1.69，AF)+ 2MP+AI CAMFRONT: 16MP (Hynix's Hi-1631Q， 1/3'' sensor，5P lens，F2.0，FF）APERTUREREAR: F/1.69+F/2.4+F/2.0FRONT: F/2.0FLASHREAR QUAD FLASH+FRONT FLASHSCENE MODESSHORT VIDEO, VIDEO, AI CAM,BEAUTY, SUPER NIGHT, PORTRAIT,SLOW MOTION, TIME-LAPSE, AR SHOT, DOCUMENTSVIEDO RECORDING2K 30FPS/1080P 60FPS/1080P 30FPS/720P 30FPSMEMORYROM256GB/128GBRAM8GBTYPEUFS, LPDDR4EXTERNAL MEMORYUP TO 2TBSENSORS & TOOLSG-SENSORYESE-COMPASSYESGYROSCOPEYESLIGHT SENSORYESPROXIMITY SENSORYESFINGERPRINTYESMOTORYES, Z-AXIS MOTORSAR SENSORNO（Software）MULTIMEDIAAUDIO PLAYBACK*MP3, FLAC, OGG, WAV, AACVIDEO PLAYBACK*MP4,MKV,TS,3GP,WEBMFEATURESJBL,DTS, Hi-RES, WIDVINE L1+*Listed playback information are for reference only. Decoding formats of source files can influence playback support.BATTERYCAPACITY5000mAhCHARGING45W, 5V/9A*Different voltage inputs may affect maximum output power in some regionsCONNECTIONSIM CARD SLOTDUAL NANO SIM+MICRO SDGPS NAVIGATIONYESWIFI(WLAN)Wi-Fi 802.11 (a/b/g/n/ac)BLUETOOTHYESUSB PORTMICRO-USB/ TYPE-COTGYESEARPHONEYES, 3.5 JACKCHARGE OUTPUT5V 2A，11V 4.1AFMYESNFCYES/YES( Availability Varies Between Market)DISPLAYSIZE6.78-INCHSCREEN-TO-BODY RATIO90.6%RESOLUTIONFHD+ 1080*2460TYPEIPS LTPSMATERIALLCDPEAK BRIGHTNESS580nitOTHER FEATURESDCI-P3 WIDECOLOUR GAMUTOPERATING SYSTEMAndroid 13"
Itel,"Itel P40 , 8GB RAM 128GB ROM ,",25999,4.7,85.0,77.0,https://www.daraz.pk/products/a1-4-2gb-32gb-i375939955-s1861306345.html?search=1,35,"BuildOSAndroid 12 Go edition DimensionsN/A WeightN/A SIMDual Sim, Dual Standby (Nano-SIM) ColorsYellow, Blue, Black Frequency2G BandSIM1: GSM 850 / 900 / 1800 / 1900"
Itel,Itel S23 - 8GB Ram - 256GB Rom,32500,5.0,92.0,34.0,https://www.daraz.pk/products/vivo-y36-8gb-ram-256gb-rom-50-2-mp-rear-camera-5000mah-battery-i437888231-s2113531369.html?search=1,150,BODY
Samsung,"Samsung Galaxy A04 - 6.5"" Inch Display -",23499,4.8,95.0,50.0,https://www.daraz.pk/products/30-8gb-256gb-64mp-5000-mah-45w-i428380458-s2094154954.html?search=1,14,Brand Warranty
Vivo,Vivo V29 12GB Ram 256GB Rom 6.78 Inches,162999,4.5,92.0,85.0,https://www.daraz.pk/products/sparx-neo-5-plus-3gb-ram-64gb-rom-5000mah-bettery-pta-approved-one-year-brand-warranty-i426609029-s2025388312.html?search=1,19,"General FeaturesRelease Date2023-07-31SIM SupportNano-SIM, eSIM or Dual SIM (Nano-SIM, dual stand-by)Phone Dimensions164.18 × 74.37 × 7.46 mmPhone Weight186 gOperating SystemFuntouch OS 13DisplayScreen Size6.78 inchesScreen Resolution2800 × 1260 PixelsScreen TypeAMOLEDScreen ProtectionN/AMemoryInternal Memory256 GBRAM12 GBCard SlotNoPerformanceProcessorQualcomm Snapdragon 778GGPUAdreno 642LBatteryType4600 mAhCameraFront Camera50 MPFront Flash LightNoFront Video Recording1080p@30fpsBack Flash LightYesBack Camera50 MP + 8 MP + 2 MPBack Video Recording4K@30fps, 1080p@30fpsConnectivityBluetoothYes3GYes4G/LTEYes5GYesRadioNoWiFiYesNFCYes"
Infinix,"Infinix Smart 7 , Back Camera 13 MP",25999,4.9,94.0,97.0,https://www.daraz.pk/products/a60s-wach-4gb-128gb-wach-66-mah-i431406016-s2057010875.html?search=1,147,"General FeaturesRelease Date2023-02-09SIM SupportDual SIM (Nano-SIM, dual stand-by)Phone Dimensions163.8 x 75.6 x 8.7 mmPhone Weight188 gOperating SystemAndroid 12DisplayScreen Size6.6 inchesScreen Resolution720 x 1612 pixelsScreen TypeIPS LCD, 500 nitsScreen ProtectionN/AMemoryInternal Memory64 GBRAM4 GB/ 3 GBCard SlotmicroSDXC (dedicated slot)PerformanceProcessorHelio A22GPUPowerVR GE8300BatteryTypeLi-Po 5000 mAh, non-removableCameraFront Camera5 MPFront Flash LightYesFront Video Recording720p@30fpsBack Flash LightYesBack Camera13 MP + 0.3 MPBack Video Recording1080p@30fpsConnectivityBluetoothYes3GYes4G/LTEYes5GNoRadioYesWiFiYesNFCNo"
Redmi,Redmi Note 12 || 8GB Ram 128GB Rom,51399,4.1,86.0,76.0,https://www.daraz.pk/products/infinix-hot-20i-66-inch-display-4gb3gb-extended-ram-128gb-rom-i398311476-s2001134518.html?search=1,110,"Xiaomi Redmi Note 12 detailed specificationsBuildOSAndroid 13 OS UIMIUI 14 Dimensions165.7 x 76 x 7.9 mm Weight183 g SIMDual Sim, Dual Standby (Nano-SIM) ColorsOnyx Gray, Mint Green, Ice Blue Frequency2G BandSIM1: GSM 850 / 900 / 1800 / 1900"
Motorola,Motorola Moto Edge Plus 2020 12GB Ram 256GB,82000,4.5,86.0,76.0,https://www.daraz.pk/products/infinix-note-30-ram-8gb8gb-256gb-storage-678-fhd-5000mah-mega-battery-pta-approved-official-warranty-i429046135-s2098320869.html?search=1,92,"Introducing the cutting-edge technology and exquisite design of the Motorola Moto Edge Plus 2020, now available with an impressive 12GB RAM and a capacious 256GB ROM, all wrapped up in a sleek single SIM configuration. This device has been officially approved by the PTA, ensuring seamless connectivity and usage in Pakistan."
Tecno,"Tecno Spark 10 , 4GB RAM 128GB ROM",29999,5.0,95.0,50.0,https://www.daraz.pk/products/12-6gb-128gb-679-ips-5000-mah-18w-i432721437-s2081882462.html?search=1,147,"General FeaturesRelease Date2023-08-01SIM SupportDual SIM supportPhone Dimensions163.89 x 75.39 x 8.40 mmPhone WeightnullOperating SystemAndroid 13 OSDisplayScreen Size6.6 InchesScreen Resolution720 x 1612 PixelsScreen TypeIPS LCD Capacitive Touchscreen, 16M Colors, MultitouchScreen ProtectionnullMemoryInternal Memory128 GBRAM4 GBCard SlotmicroSD Card, (supports up to 256GB)PerformanceProcessor2.05 Ghz Octa CoreGPUPowerVR GE8320"
Vgo,Vgo Tel New 12 || 2GB Ram 64GB,16999,5.0,92.0,85.0,https://www.daraz.pk/products/tecno-camon-20-8gb-rom-256gb-rom-64mp-triple-camera-5000mah-battery-fast-charging-pta-approved-1year-brand-warrenty-i428414881-s2046367833.html?search=1,18,"General FeaturesRelease Date2023-06-20SIM SupportDual SimPhone Dimensions164.5*76*9.1mmPhone WeightN/AOperating SystemN/ADisplayScreen Size6.5Screen Resolution720×1600 PixelsScreen TypeHD+ IPS (Drop Notch)Screen ProtectionNoMemoryInternal Memory64 GBRAM2 GB RAM + 1 GB ExtendedCard SlotSupports up to 128GBPerformanceProcessorQuad-Core 2.0GHz, 12nmGPUGE8300BatteryType5000 mAhCameraFront Camera5 MPFront Flash LightNoFront Video RecordingYesBack Flash LightYesBack Camera13 MP Dual AI CameraBack Video RecordingYesConnectivityBluetoothYes3GYes4G/LTEYes5GNoRadioN/AWiFiYesNFCNo"
HONOR,HONOR X5 - 2GB RAM 32GB ROM -,19499,4.7,94.0,63.0,https://www.daraz.pk/products/12-8gb-128gb-667-5000-mah-33w-i432482913-s2064737683.html?search=1,89,PTA Approved
Realme,"Realme Narzo 50A Prime - 6.6"" Inch Display",30590,4.9,90.0,71.0,https://www.daraz.pk/products/12-8gb-1-000-gb-128-20-33-i421271122-s1988956005.html?search=1,0,1 Year Brand Warranty
Tecno,"Tecno Spark 10C , 4GB + 4GB Ram",30499,4.3,92.0,34.0,https://www.daraz.pk/products/vivo-y36-8gb-ram-128gb-rom-50-2-mp-rear-camera-5000mah-battery-i426929362-s2026252148.html?search=1,27,"Tecno Spark 10C detailed specificationsBuildOSAndroid 12 OS UIHIOS 8.6 Dimensions163.9 x 75.5 x 8.5 mm WeightN/A SIMDual Sim, Dual Standby (Nano-SIM) ColorsBlack, Blue, Green Frequency2G BandSIM1: GSM 850 / 900 / 1800 / 1900"
infinix,"infinix Smart 7 HD , 2GB + 2GB",21399,5.0,99.0,81.0,https://www.daraz.pk/products/f51a-i426432012-s2023941063.html?search=1,51,"General FeaturesRelease Date2023-04-14SIM SupportDual SIM (Nano-SIM, dual stand-by)Phone Dimensions163.88 x 75.51 x 8.65 mmPhone Weight196.5 gOperating SystemAndroid 12DisplayScreen Size6.6 inchesScreen Resolution720 x 1612 PixelsScreen TypeIPS LCDScreen ProtectionN/AMemoryInternal Memory64 GBRAM2 GBCard SlotmicroSDXC (dedicated slot)PerformanceProcessorOcta-core 1.6 GHzGPUN/ABatteryTypeLi-Po 5000 mAh, non-removableCameraFront Camera5 MPFront Flash LightYesFront Video Recording720p@30fpsBack Flash LightYesBack Camera8 MP + 0.08 MPBack Video Recording1080p@30fpsConnectivityBluetoothYes3GYes4G/LTEYes5GNoRadioYesWiFiYesNFCNo"
Infinix,Infinix Note 30 RAM 8 GB ROM 256,47980,4.8,85.0,77.0,https://www.daraz.pk/products/realme-narzo-50a-prime-66-inch-display-4gb-ram-64gb-rom-i424261990-s2010226269.html?search=1,19,"BuildOSAndroid 13 OS UIXOS Dimensions168.6 x 76.6 x 8.6 mm Weight219 g SIMDual Sim, Dual Standby (Nano-SIM) ColorsObsidian Black, Interstellar Blue, Sunset Gold Frequency2G BandSIM1: GSM 850 / 900 / 1800 / 1900"
Tecno,Tecno Pova 5 Pro 5G || 8GB Ram,59999,4.9,95.0,50.0,https://www.daraz.pk/products/12-8gb-1-000-gb-128-20-33-i425014085-s2018706239.html?search=1,114,"BuildOSAndroid 13 OS UIHIOS 13 Dimensions168.5 x 76.5 x 9 mm Weight220 g SIMDual Sim, Dual Standby (Nano-SIM) ColorsDark Illusion, Silver Fantasy, Free Fire Edition Frequency2G BandSIM1: GSM 850 / 900 / 1800 / 1900"
Samsung,"Samsung Galaxy Note 20 Ultra 5G - 6.9""",159999,4.9,87.0,98.0,https://www.daraz.pk/products/s23-66-hd-16-256gb-50-mp-ai-i434062784-s2082218778.html?search=1,89,"Brand New,"
itel,itel P40 6.6″ HD+ Display | 8+128GB Storage,27999,0.0,91.0,75.0,https://www.daraz.pk/products/5g-v29-12gb-256gb-4600mah-80w-i435013137-s2088351609.html?search=1,58,A powerful bouquet of features to empower your life.
Redmi,"Redmi A1 Plus - 6.52"" Inch Display -",19990,4.9,94.0,63.0,https://www.daraz.pk/products/20-8gb-256gb-64mp-5000mah-i430328036-s2060801927.html?search=1,104,1 Year Brand Warranty
INFINIX,INFINIX HOT 30 PLAY 4GB RAM 64GB ROM,28999,5.0,93.0,71.0,https://www.daraz.pk/products/x5-5g-wach-8gb-256gb-wach-5000mah-i432916376-s2070380365.html?search=1,72,"SIM Support Dual SIM (Nano-SIM, dual stand-by)"
Itel,"Itel A05s , 4GB RAM 64GB ROM ,",19999,4.3,91.0,100.0,https://www.daraz.pk/products/nokia-c31-4gb-64gb-smartphone-with-675-hd-display-and-5050-mah-non-removable-battery-4gb-ram-64gb-rom-android-12-os-2-years-quarterly-security-updates-13mp-triple-rear-and-selfie-cameras-pta-approved-i377693523-s1887139252.html?search=1,67,General FeaturesRelease Date2023-09-30SIM SupportDual SimPhone DimensionsN/APhone WeightN/AOperating SystemAndroid 12 (Go edition)DisplayScreen Size6.6 InchesScreen Resolution720 x 1612 PixelsScreen TypeIPS LCDScreen ProtectionN/AMemoryInternal Memory64 GBRAM4 GCard SlotmicroSDXCPerformanceProcessorUnisoc SC9863A1 (28nm) Octa-coreGPUIMG8322
Infinix,Infinix Hot 30 || 8GB Ram 128GB Rom,39999,4.8,91.0,75.0,https://www.daraz.pk/products/22-4-3-gb-128gb-5000mah-i386865646-s1909346836.html?search=1,129,"General FeaturesRelease Date2023-08-29SIM SupportDual SIM (Nano-SIM, dual stand-by)Phone Dimensions168.7 x 76.6 x 8.4 mmPhone Weight196 gOperating SystemAndroid 13, XOS 12.6DisplayScreen Size6.78 InchesScreen Resolution1080 x 2460 PixelsScreen TypeIPS LCDScreen ProtectionN/AMemoryInternal Memory128 GBRAM8 GBCard SlotmicroSDXC (dedicated slot)"
Vivo,Vivo V29 5G || 12GB Ram 256GB Rom,157999,5.0,85.0,77.0,https://www.daraz.pk/products/xiaomi-13t-667-inch-display-12gb-ram-256gb-rom-i434191686-s2083035287.html?search=1,11,"eneral FeaturesRelease Date2023-07-31SIM SupportNano-SIM, eSIM or Dual SIM (Nano-SIM, dual stand-by)Phone Dimensions164.18 × 74.37 × 7.46 mmPhone Weight186 gOperating SystemFuntouch OS 13DisplayScreen Size6.78 inchesScreen Resolution2800 × 1260 PixelsScreen TypeAMOLEDScreen ProtectionN/AMemoryInternal Memory256 GBRAM12 GBCard SlotNoPerformanceProcessorQualcomm Snapdragon 778GGPUAdreno 642LBatteryType4600 mAhCameraFront Camera50 MPFront Flash LightNoFront Video Recording1080p@30fpsBack Flash LightYesBack Camera50 MP + 8 MP + 2 MPBack Video Recording4K@30fps, 1080p@30fpsConnectivityBluetoothYes3GYes4G/LTEYes5GYesRadioNoWiFiYesNFCYes"
Tecno,"Tecno Spark 10C , 4GB RAM 128GB ROM",29999,5.0,0.0,66.0,https://www.daraz.pk/products/6gb-5g-4a-128gb-i434321554-s2085759583.html?search=1,48,6.6 InchesDisplay
Vivo,Vivo Y83 4gb ram 64 gb rom doul,16499,4.9,91.0,75.0,https://www.daraz.pk/products/s23-wace-8gb-8gb-8gb-wach-256-mah-i433348791-s2077723745.html?search=1,99,"pre { white-space: pre-wrap; }• Vivo Y83 4/64 dual sim mobile phone• 6 inch HD IPS LCD notched display• Octa-core processor with 4GB RAM• 13MP back and 8MP front cameras• 720p video resolution with 200-300 PPI pixel density• Dual Nano SIM slots with 4G network connections• 3000-3999 mAh non-removable battery with fast charging• Plastic body with headphone jack and face recognition• Android operating system with touch screen• No wireless charging, but express delivery available in Lahore"
Vgotel,Vgotel New 12 - 2GB RAM 64GB ROM,16999,2.7,69.0,100.0,https://www.daraz.pk/products/mobile-y85a-dual-sim-display-62in-storage-464-gb-battery-3260-mah-pta-approved-i413772192-s1972275037.html?search=1,106,PTA Approved
Tecno,Tecno CAMON 20 8GB RAM-256GB ROM 5000MAH BATTERY,46698,4.5,91.0,75.0,https://www.daraz.pk/products/redmi-12c-4gb-ram-5000mah-battery-fingerprint-sensor-i424648944-s2011336202.html?search=1,5,Android 13
Tecno,"Tecno Camon 20 , 8GB RAM 256GB ROM",48999,0.0,0.0,100.0,https://www.daraz.pk/products/s23-12gb-256gb-200mp-non-pta-mah-i437317391-s2103158945.html?search=1,29,"BODYDimension163.4 x 76.7 x 8.2 mm (6.43 x 3.02 x 0.32 in)Color OptionsPredawn Black, Glacier Glow, Serenity BlueBuild MaterialPlasticCertificationIP53 (Splash Proof)ProtectionN/ADISPLAYTypeAMOLEDScreen Size (inch)6.67ResolutionFHDPPI395Refresh Rate90HzPERFORMANCEChipsetMediaTek Helio G85CPUOcta-core (2x2.0 GHz Cortex-A75 & 6x1.8 GHz Cortex-A55)GPUMali-G52 MC2SlotDedicatedRAM and ROM8GB RAM & 256GB StorageCAMERARear Camera SetupTripleMain Sensor64MPRear Camera Sensor TypeWide,Ultrawide,Depth SensorRear Camera Aperturef/1.7Rear Camera FeaturesRing-LED, panorama, HDRVideo Rec.FHDFront Camera SetupSingleFront Sensor32MPFront Camera Sensor TypeWideFront Camera FeaturesHDR, 1080p@30fps"
Xiaomi,Xiaomi 13T Pro (12GB-512GB) PTA Approved With Official,226999,5.0,89.0,47.0,https://www.daraz.pk/products/12-8gb-128gb-50-mp-5000mah-i436379657-s2095426645.html?search=1,73,"Display: FHD+ 6.67” CrystalRes AMOLED display | 2712 x 1220, 446 ppiRefresh rate: Up to 144Hz | AdaptiveSyncProcessor: MediaTek Dimensity 9200+Cooling System: LiquidCool Technology (5000mm2 stainless steel VC + Multi-layer graphite sheets)Front Camera: 20 MP, f/2.2, (wide)Rear Camera: 50 MP, f/1.9, 24mm (wide) | 50 MP, f/1.9, 50mm (telephoto) | 12 MP, f/2.2, 15mm (ultrawide)Camera Features: Leica lens, LED flash, HDR, panoramaVideo Recording: HDR10+ for up to 4K at 30fpsSecurity: In-screen fingerprint sensor | AI face unlockBattery & Charging: 5000mAh (typ) battery – 120W HyperCharge (USB Type-C)Audio: Dual speakers | Dolby Atmos®UI and system: MIUI 14 based on Android 13Other Features: NFC, 5G"
Infinix,"Infinix Smart 7 , 4GB RAM 64GB ROM",25999,4.8,90.0,71.0,https://www.daraz.pk/products/7-hd-2gb-2gb-64gb-66-hd-5000-mah-i427598680-s2031585109.html?search=1,13,"ProcessorCPUOcta Core ChipsetHelio A22 SoC GPUPowerVR GE8300 DisplayTechnologyTFT LCD Capacitive Touchscreen, 16M Colors, Multitouch Size6.6 Inches Resolution720 x 1612 Pixels (~267 PPI) Extra Features400 nits MemoryBuilt-in64GB Built-in, 4GB RAM, (+3GB virtual RAM) CardmicroSD Card, (supports up to 256GB) CameraMainDual 13 MP + 0.3 MP, , Dual LED Flash FeaturesHDR, panorama, Video (1080p@30fps) Front5 MP, LED Flash"
VGOTEL,VGOTEL NEW 15 - 4GB+4GB RAM 64GB ROM,18099,4.5,89.0,93.0,https://www.daraz.pk/products/12-8gb-128gb-5000mah-i421094416-s1988401363.html?search=1,128,General FeaturesRelease Date2023-07-17SIM SupportN/APhone DimensionsN/APhone WeightN/AOperating SystemN/ADisplayScreen Size6.5 inchesScreen ResolutionnullScreen TypeHD+ Water DropScreen ProtectionnullMemoryInternal Memory64 GBRAM3 GBCard SlotN/APerformanceProcessorMediatek Helio G25 Octa core ProcessorGPUN/ABatteryType5000 mAhCameraFront Camera8 MPFront Flash LightN/AFront Video RecordingN/ABack Flash LightN/ABack Camera13 MPBack Video RecordingYesConnectivityBluetoothYes3GYes4G/LTEYes5GNoRadioN/AWiFiYesNFCNo
Tecno,Tecno Spark 10 Pro RAM 8 GB ROM,37999,4.5,85.0,77.0,https://www.daraz.pk/products/infinix-hot-30-play-682-inch-display-4gb-ram-64gb-12gb-rom-i427479408-s2032892687.html?search=1,25,"General FeaturesRelease Date2023-08-22SIM SupportDual Sim, Dual Standby (Nano-SIM)Phone Dimensions164.6 x 76.2 x 8.4mmPhone Weight208 gOperating SystemAndroid13 + HiOS 12.6DisplayScreen Size6.78 InchesScreen Resolution1080 x 2460 PixelsScreen TypeFHD+HScreen ProtectionN/AMemoryInternal Memory128 GBRAM8 GBCard SlotmicroSD Card, (supports upto 256GB)PerformanceProcessor2.0 Ghz Octa CoreGPUMali-G52 MC2BatteryType5000 mAhCameraFront Camera32 MPFront Flash LightNoFront Video RecordingYesBack Flash LightYesBack Camera50 MP + QVGABack Video RecordingYesConnectivityBluetoothYes3GYes4G/LTEYes5GNoRadioYesWiFiYesNFCYes"
Vivo,"Vivo Y17s , 6GB Ram 128GB Rom ,",44999,5.0,95.0,91.0,https://www.daraz.pk/products/30-8gb-256gb-i433100478-s2101350773.html?search=1,119,"General FeaturesRelease Date2023-09-18SIM SupportDual SIM (Nano-SIM, dual stand-by)Phone Dimensions163.7 x 75.4 x 8.1 mmPhone Weight186 gOperating SystemAndroid 13, Funtouch 13DisplayScreen Size6.56 InchesScreen Resolution720 x 1612 PixelsScreen TypeIPS LCD, 700 nits (peak)Screen ProtectionN/AMemoryInternal Memory128 GBRAM6 GBCard SlotmicroSDXC (dedicated slot)PerformanceProcessorMediatek MT6769 Helio G85 Octa-coreGPUMali-G52 MC2BatteryType5000 mAhCameraFront Camera8 MPFront Flash LightN/AFront Video Recording1080p@30fpsBack Flash LightYesBack Camera50 MP + 2 MPBack Video Recording1080p@30fpsConnectivityBluetoothYes3GYes4G/LTEYes5GNoRadioFM radioWiFiYesNFCNo"
Redmi,"Redmi A2 Plus , 3GB Ram 4GB Rom",19999,0.0,85.0,77.0,https://www.daraz.pk/products/samsung-galaxy-note-20-ultra-5g-69-inches-single-sim-12gb-ram-i428142842-s2035251797.html?search=1,106,General FeaturesRelease Date2023-08-15SIM SupportDual SIMPhone Dimensions164.9 x 76.75 x 9.09 mmPhone Weight192 gOperating SystemAndroid 12 (Go Edition)DisplayScreen Size6.52 InchesScreen Resolution1600 x 720 PixelsScreen TypeHD+ Dot Drop displayScreen ProtectionN/AMemoryInternal Memory64 GBRAM3 GBCard SlotSupports expandable storage up to 1TBPerformanceProcessorOcta-coreGPUMediatek Helio G36BatteryType5000 mAhCameraFront Camera5 MPFront Flash LightN/AFront Video Recording1080p | 1920 x 1080 at 30fpsBack Flash LightYesBack Camera8 MP + 0.08 MPBack Video Recording1080p | 1920 x 1080 at 30fpsConnectivityBluetoothYes3GYes4G/LTEYes5GNoRadioYesWiFiYesNFCNo
Infinix,Infinix Smart 7 4GB Ram 64GB Rom 5000mAh,25999,5.0,92.0,85.0,https://www.daraz.pk/products/infinix-smart-7-4gb-ram-64gb-rom-6000mah-battery-4g-lte-66-display-one-year-brand-warranty-pta-approved-i422864285-s2002199437.html?search=1,64,"General FeaturesRelease Date2023-02-09SIM SupportDual SIM (Nano-SIM, dual stand-by)Phone Dimensions163.8 x 75.6 x 8.7 mmPhone Weight188 gOperating SystemAndroid 12DisplayScreen Size6.6 inchesScreen Resolution720 x 1612 pixelsScreen TypeIPS LCD, 500 nitsScreen ProtectionN/AMemoryInternal Memory64 GBRAM4 GBCard SlotmicroSDXC (dedicated slot)PerformanceProcessorHelio A22GPUPowerVR GE8300BatteryTypeLi-Po 5000 mAh, non-removableCameraFront Camera5 MPFront Flash LightYesFront Video Recording720p@30fpsBack Flash LightYesBack Camera13 MP + 0.3 MPBack Video Recording1080p@30fpsConnectivityBluetoothYes3GYes4G/LTEYes5GNoRadioYesWiFiYesNFCNo"
Nokia,Nokia C31 - 4GB / 64GB - Smartphone,24999,0.0,90.0,71.0,https://www.daraz.pk/products/6gb-y17s-128gb-g85-656-ips-5000-mah-15-i434165099-s2094165661.html?search=1,49,"4GB RAM, 64GB storage, 6.7” HD+ display: Bigger view of the things you love. Wherever, whenever. Triple-rear and selfie cameras powered by Camera from Google: Capture breath-taking scenic views, beautiful portrait images and stellar night shots. Comes with Android 12: More personal, secure and intuitive than ever before. Durable, reliable and efficient: Nokia phone build-quality with IP52 ingress protection and streamlined software. Be yourself for longer: Nokia C31 gives you the freedom to keep going from just a single charge, so you can stream, scroll, surf – you name it – for longer. It’s all thanks to 3-day battery life and AI-powered battery-saving features."
vivo,vivo Y36 - 8GB RAM - 256GB ROM,69999,5.0,92.0,100.0,https://www.daraz.pk/products/xiaomi-13t-pro-12gb-512gb-pta-approved-with-official-1-year-warranty-i435885228-s2091477806.html?search=1,27,BasicProcessorSnapdragon 680
Infinix,Infinix Hot 30 Play RAM 4 GB ROM,29980,5.0,94.0,63.0,https://www.daraz.pk/products/13t-12gb-256gb-50mp-5000mah-i433939264-s2081872040.html?search=1,1,"BuildOSAndroid 13 OS UIXOS 12.6 DimensionsN/A WeightN/A SIMDual Sim, Dual Standby (Nano-SIM) ColorsPurple, Phantom White, Blade Black Frequency2G BandSIM1: GSM 850 / 900 / 1800 / 1900"
Infinix,"Infinix Hot 20i - 6.6"" Inch Display -",30999,4.8,87.0,74.0,https://www.daraz.pk/products/honor-x6-mobile-phone-65-inch-dual-sim-pta-approved-50mp-triple-camera-5000mah-battery-4gb64gb-android-12-with-1-year-warranty-i422600292-s2000188622.html?search=1,37,GeneralBrandInfinix﻿ModelHot 20iRelease dateLaunched Form factorBody typeBattery capacity (mAh)5000Removable batteryNoColorsDisplayScreen size (inches)6.6﻿TouchscreenYesHardwareProcessorOcta-core (4x2.0 GHz Cortex-A53 & 4x1.5 GHz Cortex-A53) / Quad-core 2.0 GHz Cortex-A53Chipset MediaTek Helio G25RAM4GB﻿Internal storage128GBExpandable storageExpandable storage typeGPUDedicated microSD slotCameraRear camera13-megapixel Rear autofocusYesRear flashYesFront camera8 megapixelSoftwareOperating systemAndroid 12SkinConnectivityWi-FiYesGPSYesBluetoothYesMicro-USBYesNumber of SIMs2SensorsFace IDFingerprint sensorYes﻿AccelerometerYes1xPhone 1xCharger 1xWarrantyCard
Redmi,"Redmi 12 8GB RAM, 128GB ROM - FINGERPRINT",44999,4.8,95.0,94.0,https://www.daraz.pk/products/30-8-gb-256-gb-16-mp-64-mp-2-mp-ai-5000-mah-i428559876-s2046485138.html?search=1,42,"• Xiaomi Redmi 12 - 8GB RAM, 128GB ROM• 50MP camera, 1080p video resolution• 21MP+ rear camera, 8MP front camera• 6 inches+ AMOLED display, scratch-resistant glass• Octa-core processor, 8GB RAM, expandable memory• Fingerprint sensor, GPS, WiFi, compass, accelerometer, proximity• 5000mAh+ battery, fast charging• Android operating system, e-warranty included"
itel,itel S23 || 8GB+8GB Ram 256GB Rom ||,33999,1.0,89.0,93.0,https://www.daraz.pk/products/20-8gb-256gb-667-5000mah-33-32mp-64-mp-2mp-ai-pta-i429300546-s2089900980.html?search=1,116,"General FeaturesRelease Date2023-06-14SIM SupportDual Sim, Dual Standby (Nano-SIM)Phone DimensionsN/APhone WeightN/AOperating SystemAndroid 12 OSDisplayScreen Size6.6 InchesScreen Resolution720 x 1600 Pixels )Screen TypeIPS LCD Capacitive Touchscreen, 16M Colors, MultitouchScreen ProtectionN/AMemoryInternal Memory128 GBRAM8 GBCard SlotmicroSD Card, (supports up to 256GB)PerformanceProcessorOcta-Core (2x 2.0 GHz Cortex-A75 + 6 x 1.6GHz Cortex-A55)GPUMali-G57 MP1BatteryType5000 mAhCameraFront Camera8 MPFront Flash LightNoFront Video RecordingYesBack Flash LightYesBack Camera50 MP + 2 MPBack Video Recording1080p@30fpsConnectivityBluetoothYes3GYes4G/LTEYes5GNoRadioYesWiFiYesNFCNo"
Redemi,"Redemi 12 , 8GB Ram 128GB , 6.79",43999,4.8,85.0,77.0,https://www.daraz.pk/products/redmi-12-679-inch-display-8gb-ram-128gb-rom-i428779197-s2045906124.html?search=1,44,"General FeaturesRelease Date2023-09-12SIM SupportHybrid Dual SIM (Nano-SIM, dual stand-by)Phone Dimensions168.6 x 76.3 x 8.2 mmPhone Weight198.5 gOperating SystemAndroid 13, MIUI 14DisplayScreen Size6.79 InchesScreen Resolution1080 x 2460 PixelsScreen TypeIPS LCDScreen ProtectionN/AMemoryInternal Memory128 GBRAM8 GBCard SlotYesPerformanceProcessorMediatek Helio G88 (12nm) Octa-coreGPUMali-G52 MC2BatteryType5000 mAhCameraFront Camera8 MPFront Flash LightN/AFront Video RecordingYesBack Flash LightYesBack Camera50 MP + 8 MP + 2 MPBack Video RecordingYesConnectivityBluetoothYes3GYes4G/LTEYes5GNoRadioYesWiFiYesNFCYesGeneral FeaturesRelease Date2023-09-12SIM SupportHybrid Dual SIM (Nano-SIM, dual stand-by)Phone Dimensions168.6 x 76.3 x 8.2 mmPhone Weight198.5 gOperating SystemAndroid 13, MIUI 14DisplayScreen Size6.79 InchesScreen Resolution1080 x 2460 PixelsScreen TypeIPS LCDScreen ProtectionN/AMemoryInternal Memory128 GBRAM8 GBCard SlotYesPerformanceProcessorMediatek Helio G88 (12nm) Octa-coreGPUMali-G52 MC2BatteryType5000 mAhCameraFront Camera8 MPFront Flash LightN/AFront Video RecordingYesBack Flash LightYesBack Camera50 MP + 8 MP + 2 MPBack Video RecordingYesConnectivityBluetoothYes3GYes4G/LTEYes5GNoRadioYesWiFiYesNFCYes"
Infinix,"Infinix Hot 30 Play - 6.82"" Inch Display",29899,5.0,0.0,100.0,https://www.daraz.pk/products/20-8gb-26gb-64-g99-1-mah-21-i433969037-s2095364064.html?search=1,143,1 Year Brand Warranty
Infinix,Infinix Note 30 Pro - 6.67 Inch Display,63899,0.0,92.0,85.0,https://www.daraz.pk/products/infinix-note-30-pro-8gb-ram-256gb-rom-108mp-triple-camera-5000mah-battery-fast-charging-68w-pta-approved-1-year-brand-warranty-i429065827-s2046368581.html?search=1,38,1 Year Brand Warranty
Samsung,Samsung Galaxy A04 || 3GB Ram 32GB Rom,25199,4.6,91.0,75.0,https://www.daraz.pk/products/10-wach-8gb-128gb-wach-5000mah-i431094695-s2056254503.html?search=1,140,"BuildOSAndroid 12 OS UIOne UI Dimensions164.4 x 76.3 x 9.1 mm Weight192 g SIMDual Sim, Dual Standby (Nano-SIM) ColorsBlack, Green, White, Copper Frequency2G BandSIM1: GSM 850 / 900 / 1800 / 1900"
Xiaomi,Xiaomi Redmi Note 12 - 8GB RAM 128GB/256GB,54999,4.8,95.0,94.0,https://www.daraz.pk/products/10-8-gb-128-gb-32-mp-50-mp-i430742292-s2054564300.html?search=1,45,PTA Approved
VGOTEL,VGOTEL New 22 || 4+3 GB Ram 128GB,22999,4.9,93.0,71.0,https://www.daraz.pk/products/samsung-galaxy-a14-6gb-rom-128-gb-pta-approved-1-year-official-warranty-i428408681-s2037400447.html?search=1,42,General FeaturesRelease Date2022-12-27SIM SupportDual 4G SimPhone Dimensions164.7 x 76.3 x 8.9 mmPhone WeightN/AOperating SystemAndroid 12DisplayScreen Size6.5 InchesScreen Resolution720×1600 pixelScreen TypeHD+ IPS (Drop NotchScreen ProtectionN/AMemoryInternal Memory128 GBRAM4 GB + (3 GB Extended RAM)Card SlotTriple Card SlotPerformanceProcessorMediatek Helio G25GPUPowerVR GE8320BatteryType5000mAh built-inCameraFront Camera8 MPFront Flash LightNoFront Video RecordingYesBack Flash LightYesBack Camera13MP Triple AI CameraBack Video RecordingYesConnectivityBluetoothYes3GYes4G/LTEYes5GNoRadioNoWiFiYesNFCNo
Google,Google Pixel 4a 5G 6GB Ram 128GB Rom,56000,5.0,82.0,100.0,https://www.daraz.pk/products/itel-a49-66-inch-2-gb-ram-32-gb-rom-dual-sim-fingerprint-1-year-warranty-i275432435-s1489458628.html?search=1,48,Introducing the Google Pixel 4a 5G – Your gateway to the future of mobile technology. This sleek and sophisticated smartphone combines the best of Google's innovation in a budget-friendly package.
Aquos,Aquos R5G 256GB Storage 12GB RAM Snapdragon 865,66500,4.7,84.0,23.0,https://www.daraz.pk/products/samsung-galaxy-a04-4gb-64gb-official-pta-approved-official-warranty-i398449277-s1927450413.html?search=1,66,✅ 6.5 inches IGZO Display
Xiaomi,Xiaomi 13T || 12GB Ram 256GB Rom ||,169999,5.0,95.0,50.0,https://www.daraz.pk/products/20-8gb-256gb-667-5000-mah-33w-i429069106-s2094159414.html?search=1,115,"General FeaturesRelease Date2023-09-26SIM SupportDual SIM (Nano-SIM, dual stand-by)Phone Dimensions162.2 x 75.7 x 8.5 mmPhone Weight193 gOperating SystemAndroid 13, MIUI 14DisplayScreen Size6.67 InchesScreen Resolution1220 x 2712 PixelsScreen TypeAMOLEDScreen ProtectionCorning Gorilla Glass 5MemoryInternal Memory256 GBRAM12 GBCard SlotNoPerformanceProcessorMediatek Dimensity 8200 UltraGPUMali-G610 MC6BatteryType5000 mAhCameraFront Camera20 MPFront Flash LightNoFront Video Recording1080p@30fps, HDR10+Back Flash LightYesBack Camera50 MP + 50 MP + 12 MPBack Video Recording4K@30fps (HDR10+), 1080p@30/60/120fps, gyro-EISConnectivityBluetoothYes3GYes4G/LTEYes5GYesRadioNoWiFiYesNFCYes (market/region dependent)"
itel,itel S23 6.6″ HD+ Display | Up to,33999,5.0,91.0,75.0,https://www.daraz.pk/products/30-wach-8gb-8gb-256gb-wach-5000mah-i434663051-s2087284478.html?search=1,14,"6.6"" HD+ IPS Display"
Tecno,Tecno Camon 20 - 8GB+8GB Ram 256GB Rom,46999,4.8,92.0,100.0,https://www.daraz.pk/products/a04e-332-gb-i424968322-s2012724492.html?search=1,18,"General FeaturesRelease Date2023-05-09SIM SupportDual SIM (Nano-SIM, dual stand-by)Phone Dimensions163.4 x 76.7 x 8.2 mmPhone WeightN/AOperating SystemAndroid 13, HIOS 13DisplayScreen Size6.67 inchesScreen Resolution1080 x 2400 pixelsScreen TypeAMOLEDScreen ProtectionN/AMemoryInternal Memory256 GBRAM8 GBCard SlotUnspecifiedPerformanceProcessorMediatek MT6769Z Helio G85GPUMali-G52 MC2BatteryTypeLi-Po 5000 mAh, non-removableCameraFront Camera32 MPFront Flash LightYesFront Video Recording1080p@30fpsBack Flash LightYesBack Camera64 MP + 2 MP + AI CamBack Video Recording1080p@30fpsConnectivityBluetoothYes3GYes4G/LTEYes5GnullRadioFM radioWiFiYesNFCNo"
itel,itel S23 6.6″ HD+ Display | Up to,30999,5.0,93.0,37.0,https://www.daraz.pk/products/10c-4-gb-128-gb-8-mp-16-mp-5000-mah-i423480189-s2005139183.html?search=1,44,"6.6"" HD+ IPS Display"
Realme,"Realme C33 , 4GB RAM 64GB ROM ,",30999,4.7,94.0,75.0,https://www.daraz.pk/products/s23-8-128-5000mah-i433716549-s2081356367.html?search=1,13,"General FeaturesRelease Date2023-03-13SIM SupportDual Sim, Dual Standby (Nano-SIM)Phone Dimensions164.2 x 75.7 x 8.3 mmPhone Weight187 gOperating SystemAndroid 12 OSDisplayScreen Size6.5 InchesScreen Resolution720 x 1600 PixelsScreen TypeIPS LCD Capacitive Touchscreen, 16M Colors, MultitouchScreen ProtectionN/AMemoryInternal Memory64 GBRAM4 GBCard SlotmicroSDXC (dedicated slot)PerformanceProcessorUnisoc Tiger T612 (12 nm)GPUMali-G52 MP2"
Redmi,Redmi 12C || 4GB RAM 128GB ROM ||,27999,4.7,94.0,63.0,https://www.daraz.pk/products/10-8gb-128gb-50-mp-5000mah-i432744611-s2068302399.html?search=1,115,"General FeaturesRelease Date2023-05-30SIM SupportDual SIM (Nano-SIM, dual stand-by)Phone Dimensions168.76 x 76.4 x 8.77 mmPhone Weight192 gOperating SystemMIUI 13 based on Android 12DisplayScreen Size6.71 inchesScreen Resolution1650 × 720 HD+Screen TypeIPS LCD, 500 nits (typ)Screen ProtectionN/AMemoryInternal Memory4/6 GBRAM64/128Card SlotmicroSDXC (dedicated slot)PerformanceProcessorMediaTek Helio G85GPUMali-G52 MC2BatteryType5000 mAhCameraFront Camera5 MPFront Flash LightNoFront Video Recording1080p@30fpsBack Flash LightYesBack Camera50 MP + 0.08 MPBack Video Recording1080p@30fpsConnectivityBluetoothYes3GYes4G/LTEYes5GNoRadioYesWiFiYesNFCNo"
INFINIX,INFINIX NOTE 30 - 8GB+8GB =16GB RAM 256GB,47499,0.0,95.0,91.0,https://www.daraz.pk/products/30-8gb-256-gb-i433099468-s2101353493.html?search=1,21,"General FeaturesRelease Date2023-05-22SIM SupportDual SIM (Nano-SIM, dual stand-by)Phone Dimensions168.6 x 76.6 x 8.58 mmPhone Weight219 gOperating SystemAndroid 13DisplayScreen Size6.78 inchesScreen Resolution1080 x 2460 pixelsScreen TypeIPS LCD, 120Hz, 580 nits (peak)Screen ProtectionN/AMemoryInternal Memory128/256 GBRAM8 GBCard SlotmicroSDXC (dedicated slot)PerformanceProcessorMediatek Helio G99GPUMali-G57 MC2BatteryTypeLi-Po 5000 mAh, non-removableCameraFront Camera16 MPFront Flash LightYesFront Video Recording1080p@30fpsBack Flash LightYesBack Camera64 MP + 2 MP + AI CamBack Video Recording1440p@30fps, 1080p@30/60fpsConnectivityBluetoothYes3GYes4G/LTEYes5GNoRadioYesWiFiYesNFCYes (market/region dependent)"
Xiaomi,"Xiaomi 13T - 6.67"" Inch Display - 12GB",169899,0.0,89.0,93.0,https://www.daraz.pk/products/12-2gb-64gb-652-5000mah-i425532202-s2015917650.html?search=1,134,1 Year Brand Warranty
Realme,"Realme Narzo 50 - 6.56"" Inch Display -",39999,4.5,87.0,18.0,https://www.daraz.pk/products/12c-4gb-128-50-mp-al-5000-mah-i425099135-s2013184805.html?search=1,129,Brand Warranty
Vivo,Vivo Y36 ROM 8 GB ROM 128 GB,62480,5.0,94.0,97.0,https://www.daraz.pk/products/12-8-gb-18-gb-ips-100-mah-i432707379-s2068103885.html?search=1,49,"General FeaturesRelease Date2023-05-27SIM SupportDual SIM (Nano-SIM, dual stand-by)Phone Dimensions164.06 × 76.17 × 8.07 mmPhone Weight202 gOperating SystemAndroid 13, Funtouch 13DisplayScreen Size6.64 InchesScreen Resolution1080 x 2388 pixelsScreen TypeIPS LCD, 90Hz, 650 nits (peak)Screen ProtectionnullMemoryInternal Memory128 GBRAM8 GBCard SlotmicroSDXC (dedicated slot)PerformanceProcessor2.4 Ghz Octa CoreGPUAdreno 610BatteryTypeLi-Po 5000 mAh, non-removableCameraFront Camera16 MPFront Flash LightNoFront Video Recording1080p@30fpsBack Flash LightYesBack Camera50 MP + 2 MP + 2 MPBack Video Recording1080p@30fpsConnectivityBluetoothYes3GYes4G/LTEYes5GNoRadioYesWiFiYesNFCYes (market/region dependent)"
VENUS,VENUS Z81 NEW MODEL 2GB Ram 32gb Rom,13899,4.0,80.0,100.0,https://www.daraz.pk/products/c21-232-hd-65-11-2gb-32gb-1-mah-fm-8mp-pta-i376864778-s1862978905.html?search=1,115,Key features:-
Vivo,Vivo Y17s - 6+6GB RAM 128GB ROM 50MP,46500,4.0,91.0,75.0,https://www.daraz.pk/products/zte-a52-4gb-64gb-5000mah-i380101546-s1873544626.html?search=1,125,PTA Approved
Apple,"Apple iPhone 15 Pro Max - 6.7"" Inch",594999,5.0,85.0,77.0,https://www.daraz.pk/products/xiaomi-poco-x5-pro-667-inch-fhd-display-8gb-ram-256gb-rom-i433110695-s2073416622.html?search=1,62,1 Year Official Warranty (Mercantile)
TECNO,TECNO POVA 5 PRO = 8GB RAM 256GB,59999,0.0,87.0,98.0,https://www.daraz.pk/products/p40-hd-8-66-gb-law13mp-i433724453-s2082028274.html?search=1,141,"General FeaturesRelease Date2023-11-08SIM SupportDual SIM (Nano-SIM, dual stand-by)Phone Dimensions168.5 x 76.5 x 9 mm (6.63 x 3.01 x 0.35 in)Phone Weight212 g (7.48 oz)Operating SystemAndroid 13, HIOS 13DisplayScreen Size6.78 inches, 109.2 cm2 (~84.7% screen-to-body ratio)Screen Resolution1080 x 2460 pixels (~396 ppi density)Screen TypeIPS LCD, 120Hz, 580 nits (peak)Screen ProtectionN/AMemoryInternal Memory256GB 8GB RAMRAM8GBCard SlotmicroSDXC (dedicated slot)PerformanceProcessorOcta-core (2x2.4 GHz Cortex-A76 & 6x2.0 GHz Cortex-A55)GPUMali-G57 MC2BatteryTypeLi-Po 5000 mAh, non-removableCameraFront Camera16 MP, f/2.0, (wide)Front Flash LightLED flashFront Video Recording1080p@30fpsBack Flash LightDual LED flashBack Camera50 MP, f/1.6, (wide), PDAF 0.08 MP, (depth)Back Video Recording1440p@30fps, 1080p@30fpsConnectivityBluetoothYes3GYes4G/LTEYes5GYesRadioFM radioWiFiYesNFCN/A"
Redmi,Redmi Note 12 || 8GB Ram 256GB Rom,61499,5.0,87.0,18.0,https://www.daraz.pk/products/20-8gb-256gb-64mp-5000mah-i429667652-s2045908853.html?search=1,147,"General FeaturesRelease Date2023-05-10SIM SupportHybrid Dual SIM (Nano-SIM, dual stand-by)Phone Dimensions165.66 x 75.96 x 7.85 mmPhone Weight183.5gOperating SystemMIUI 14 based on Android 13DisplayScreen Size6.67 inchesScreen Resolution1080 x 2400 pixelsScreen TypeAMOLED Capacitive Touchscreen, MultitouchScreen ProtectionCorning Gorilla Glass 3MemoryInternal Memory128 GBRAM8 GBCard SlotmicroSDXC (uses shared SIM slot)PerformanceProcessorQualcomm Snapdragon 685 (6nm)GPUAdreno 610BatteryTypeLi-Po 5000 mAh, non-removableCameraFront Camera13 MPFront Flash LightNoFront Video Recording1080p@30fpsBack Flash LightYesBack Camera50 MP + 8 MP + 2 MPBack Video Recording1080p@30fpsConnectivityBluetoothYes3GYes4G/LTEYes5GNoRadioNoWiFiYesNFCNo"
VGOTEL,VGOTEL NEW12 - 2GB+1GB RAM 64GB ROM -,16299,5.0,78.0,0.0,https://www.daraz.pk/products/aquos-r5g-256gb-storage-12gb-ram-snapdragon-865-official-pta-approved-gaming-phone-5g-supported-i396099369-s1921283880.html?search=1,32,"General FeaturesRelease Date2023-06-20SIM SupportDual SimPhone Dimensions164.5 x 76 x 9.1mmPhone WeightN/AOperating SystemAndroid 12 (Go Edition)DisplayScreen Size6.52 inchesScreen Resolution720 ×1600 PixelsScreen TypeHD+ IPS (Drop Notch)Screen ProtectionNoMemoryInternal Memory64 GBRAM2 GB RAM + 1 GB ExtendedCard SlotSupports up to 128GBPerformanceProcessorQuad-Core 2.0GHz, 12nmGPUGE8300BatteryType5000 mAhCameraFront Camera5 MPFront Flash LightNoFront Video RecordingYesBack Flash LightYesBack Camera13 MP Dual AI CameraBack Video RecordingYesConnectivityBluetoothYes3GYes4G/LTEYes5GNoRadioNoWiFiYesNFCNo"
VIVO,VIVO S1 6-128 PTA APPROVED WITH ALL ACCESSORIES,34899,5.0,89.0,47.0,https://www.daraz.pk/products/30-8gb-256gb-108mp-5000mah-i437993832-s2118719724.html?search=1,41,VIVO S16/128PTA APPROVEDAMOLED DISPLAYON DISPLAY FINGERPRINTWITH ORIGINAL CHARGER6.28 ULTRA THIN DISPLAY
Realme,"Realme C35 , 4GB RAM 128GB ROM ,",37999,5.0,85.0,77.0,https://www.daraz.pk/products/samsung-a54-5g-64-inch-display-8gb-ram-i428866152-s2045902288.html?search=1,32,"General FeaturesRelease Date2022-05-18SIM SupportDual SIM (Nano-SIM, dual stand-by)Phone Dimensions164.4 x 75.6 x 8.1 mmPhone Weight189 gOperating SystemAndroid 11DisplayScreen Size6.6 inchesScreen Resolution1080 x 2408 pixelsScreen TypeIPS LCD Capacitive Touchscreen, 16M Colors, MultitouchScreen ProtectionN/AMemoryInternal Memory128 GBRAM4 GBCard SlotmicroSDXC (dedicated slot)PerformanceProcessorUnisoc T616 ProcessorGPUARM Mali-G57"
Vgotel,"Vgotel New 12 - 6.5"" Inch Display -",16399,5.0,87.0,18.0,https://www.daraz.pk/products/30-8gb-256gb-108mp-5000mah-i428906412-s2045841922.html?search=1,131,1 Year Brand Warranty
Fujitsu,Fujitsu Arrows F51A official PTA,52000,1.0,94.0,63.0,https://www.daraz.pk/products/8gb-s23-256gb-50-mp-5000mah-i433867236-s2081681216.html?search=1,128,Fujitsu Arrows F51A official Pta8/128 single sim only
ZTE,ZTE A53 PRO - 4GB RAM 64GB ROM,20799,4.9,94.0,63.0,https://www.daraz.pk/products/2023-4gb-64gb-13-mp-5000mah-i432435083-s2081245640.html?search=1,128,PTA Approved
Samsung,Samsung Galaxy A14 - 6GB ROM 128 GB,57499,4.4,93.0,71.0,https://www.daraz.pk/products/5g-a73-8gb-1-fhd-256-hz-108mp-32mp-1-i351028152-s1782370904.html?search=1,150,PTA Approved
Apple,"Apple iPhone 14 Pro Max - 6.7"" Inch",257990,0.0,91.0,75.0,https://www.daraz.pk/products/5-8gb-256gb-68-5000mah-i437882538-s2118220571.html?search=1,104,1 Year International Warranty
Itel,"Itel S23 , 8GB RAM 256GB ROM ,",32999,0.0,91.0,75.0,https://www.daraz.pk/products/13t-12gb-1-000-gb-i433848108-s2081658073.html?search=1,26,"BuildOSAndroid 12 OS UIitel OS 8.6 DimensionsN/A WeightN/A SIMDual Sim, Dual Standby (Nano-SIM) ColorsMystery White Starry Black Frequency2G BandSIM1: GSM 850 / 900 / 1800 / 1900"
Samsung,Samsung Galaxy 34 5G - 8GB - 256GB,109999,4.4,94.0,63.0,https://www.daraz.pk/products/4gb-c33-64gb-50mp-5000mah-i432451761-s2064642431.html?search=1,97,PTA Approved
Redmi,Redmi 12C 4GB Ram 5000mAh Battery Fingerprint Sensor,27999,5.0,85.0,77.0,https://www.daraz.pk/products/infinix-note-30-pro-667-inch-display-8gb-8gb-ram-256gb-rom-i428486750-s2045900698.html?search=1,15,Display: 6.71” HD+ Dot Drop display
Redmi,A04E 3/32 GB,27999,4.1,85.0,77.0,https://www.daraz.pk/products/redmi-note-12-667-inch-display-8gb-ram-128gb-rom-i422415065-s1998747925.html?search=1,1,"6.5' Display, Android 12, 5000 mah battery"
Xiaomi,Xiaomi 13T 12GB RAM-256GB ROM Flat display -,165999,4.0,89.0,93.0,https://www.daraz.pk/products/8gb-12s-256gb-5000mah-i433403645-s2080670904.html?search=1,79,Leica main camera 1/1.28” sensor size 50MP
Redmi,"Redmi Note 12 Pro , 8GB Ram 256GB",88999,4.5,90.0,71.0,https://www.daraz.pk/products/4gb-4gb-10c-128gb-66-ips-90hz-5000-mah-18w-i423152535-s2045830936.html?search=1,103,"BuildOSAndroid 13 OS UIMIU1 13 DimensionsN/A WeightN/A SIMDual Sim, Dual Standby (Nano-SIM) ColorsGray, Blue Frequency2G BandSIM1: GSM 850 / 900 / 1800 / 1900"
Tecno,Tecno Camon 20 Pro 8GB 256GB | 64-megapixel,61999,5.0,0.0,100.0,https://www.daraz.pk/products/10-12gb-wach-1-000-gb-2020-mah-pta-i437003747-s2101870795.html?search=1,53,High-Resolution Camera Setup:Triple camera setup with a 64-megapixel primary camera for detailed photos.
Nokia,"Nokia C31 Smartphone with 6.75"" HD+ Display and",33999,5.0,93.0,84.0,https://www.daraz.pk/products/12-8-gb-256-gb-16-mp-5mp-08-mp-02-mp-li-po-108-mah-i429687998-s2046482069.html?search=1,21,"6.7” HD+ display: Bigger view of the things you love. Wherever, whenever."
ZTE,ZTE Blade A52 - 4GB RAM - 64GB,20399,0.0,89.0,47.0,https://www.daraz.pk/products/7-128gb-8gb-5000mah-652-pta-i437983553-s2118069843.html?search=1,139,PTA Approved
Tecno,Tecno Pova 5 Pro 5G 8GB Ram 256GB,58599,4.8,91.0,75.0,https://www.daraz.pk/products/4gb-4gb-64gb-2023-mah-i421943388-s1995952695.html?search=1,54,"BuildOSAndroid 13 OS UIHIOS 13 Dimensions168.5 x 76.5 x 9 mm Weight220 g SIMDual Sim, Dual Standby (Nano-SIM) ColorsDark Illusion, Silver Fantasy, Free Fire Edition Frequency2G BandSIM1: GSM 850 / 900 / 1800 / 1900"
Samsung,Samsung Galaxy A04 4GB - 64GB OFFICIAL PTA,34499,0.0,0.0,100.0,https://www.daraz.pk/products/v60-lg-8-gb-128gb-pta-650-mp-5000-mah-i437008683-s2101879721.html?search=1,10,"General Featuresphone system active phoneSIM SupportSingle SIM (Nano-SIM) or Dual SIM (Nano-SIM, dual stand-by)Phone Dimensions164.4 x 76.3 x 9.1 mmPhone Weight192 gOperating SystemAndroid 12, One UI Core 4.1DisplayScreen Size6.5 inchesScreen Resolution720 x 1600 pixelsScreen TypePLS LCD Capacitive Touchscreen, 16M Colors, MultitouchScreen ProtectionN/AMemoryInternal Memory64GBRAM4/GBCard SlotmicroSDXC (dedicated slot)PerformanceProcessor2.35 Ghz Octa CoreBatteryTypeLi-Po 5000 mAh, non-removableCameraFront Camera5 MPFront Flash LightNoFront Video RecordingYesBack Flash LightYesBack Camera50 MP + 2 MPBack Video Recording1080p@30fpsConnectivityBluetoothYes3GYes4G/LTEYes5GNoRadioN/AWiFiYesNFCNo"
Samsung,Samsung Galaxy A14 6GB-128GB ROM PTA APPROVED OFFICIAL,54999,4.6,87.0,98.0,https://www.daraz.pk/products/itel-s23-66-hd-display-up-to-16128gb-storage-with-memory-fusion-color-changing-design-50-mp-ai-camera-i424775876-s2012509103.html?search=1,114,Processor2GHz
ZTE,ZTE Blade A52 || 4GB Ram 64GB Rom,19999,4.8,96.0,68.0,https://www.daraz.pk/products/30-8gb-8gb-16gb-256gb-5000-mah-i428410536-s2037419674.html?search=1,40,"General FeaturesRelease Date2022-11-30SIM SupportDual SIM (Nano-SIM, dual stand-by)Phone Dimensions168 x 77.5 x 9.4 mmPhone Weight214 gOperating SystemAndroid 11DisplayScreen Size6.52 inchesScreen Resolution720 x 1600 pixelsScreen TypeIPS LCDScreen ProtectionN/AMemoryInternal Memory64 GBRAM4 GBCard SlotmicroSDXCPerformanceProcessorUnisoc SC9863AGPUIMG8322BatteryTypeLi-Ion 5000 mAh, non-removableCameraFront Camera5 MPFront Flash LightNoFront Video Recording720p@30fpsBack Flash LightYesBack Camera13 MP + 2 MP + 2 MPBack Video Recording1080p@30fpsConnectivityBluetoothYes3GYes4G/LTEYes5GNoRadioNoWiFiYesNFCYes (market/region dependent)"
Infinix,Infinix Hot 30 - 8GB RAM - 128GB,37999,4.4,85.0,0.0,https://www.daraz.pk/products/64gb4gb-xz3-uk-pta-i202390353-s1959805214.html?search=1,117,PTA APPROVED
VGO,VGO TEL New 7 || 1GB Ram 16GB,9999,5.0,91.0,75.0,https://www.daraz.pk/products/5g-a54-8gb-8gb-256gb-5000mah-i433354188-s2077723658.html?search=1,44,General FeaturesRelease Date2021-11-10SIM SupportDual SIMPhone DimensionsN/APhone WeightN/AOperating SystemAndroid 8.1 (Go Edition)DisplayScreen Size5.0 InchesScreen ResolutionN/AScreen TypeIPS LCD DisplayScreen ProtectionN/AMemoryInternal Memory16 GBRAM1 GBCard SlotmicroSD (Supports upto 32GB)PerformanceProcessorN/AGPUN/ABatteryTypeLi-Po 2000 mAhCameraFront Camera2 MPFront Flash LightNoFront Video RecordingYesBack Flash LightYesBack Camera5 MPBack Video RecordingYesConnectivityBluetoothYes3GNo4G/LTENo5GNoRadioYesWiFiYesNFCNo
Oppo,"[Phone Only] Oppo A57 - 5.2"" HD Display",13999,4.9,91.0,75.0,https://www.daraz.pk/products/7-4gb-64gb-5000mah-i419531642-s1984081549.html?search=1,105,"KIT Only (Charger, Box, and Accessories Not Included)"
Redmi,Redmi 12 - 8GB RAM 128GB ROM -,44999,5.0,94.0,63.0,https://www.daraz.pk/products/30-4gb-64gb-16mp-6000mah-18-i432095802-s2064256391.html?search=1,129,IPS LCD
Samsung,"Samsung Galaxy A33 5G - 6.4"" Inch Display",99999,4.7,92.0,34.0,https://www.daraz.pk/products/vivo-y02t-4gb-ram-64gb-rom-651-display-5000mah-battery-i427279605-s2028398545.html?search=1,105,1 Year Brand Warranty
Tecno,Tecno SPARK 10 PRO 8GB RAM - 128GB,39499,4.3,91.0,100.0,https://www.daraz.pk/products/nokia-c31-smartphone-with-675-hd-display-and-5050-mah-non-removable-battery-4gb-ram-128gb-rom-android-12-os-2-years-quarterly-security-updates-13mp-triple-rear-and-selfie-cameras-pta-approved-i377709677-s1863875966.html?search=1,143,Starry Black/Pearl White/Magic Skin(Black and White) / Magic Magenta
Vnus,Vnus SE 22 || 3GB Ram 64GB Rom,17999,4.8,90.0,71.0,https://www.daraz.pk/products/7-ace-4gb-3gb-64gb-66-hd-ace-5000-mah-10w-i420943912-s1987989151.html?search=1,77,General FeaturesRelease Date2023-02-10SIM SupportDual SIMPhone DimensionsnullPhone WeightnullOperating SystemnullDisplayScreen Size6.6 InchesScreen ResolutionnullScreen TypenullScreen ProtectionnullMemoryInternal Memory64 GBRAM3 GBCard SlotnullPerformanceProcessornullGPUnullBatteryType4500 mAhCameraFront Camera5 MPFront Flash LightNoFront Video RecordingYesBack Flash LightYesBack Camera13 MPBack Video RecordingYesConnectivityBluetoothYes3GYes4G/LTEYes5GNoRadionullWiFiYesNFCnull
Tecno,"Tecno Spark Go 2023 , 4GB RAM 64GB",25999,5.0,91.0,75.0,https://www.daraz.pk/products/tecno-camon-20-8gb8gb-ram-256gb-rom-5000mah-battery-in-display-fingerprint-i427916270-s2054994143.html?search=1,141,6.6 inchesDisplay
Xiaomi,"Xiaomi Redmi 12 , 4GB RAM 128GB ROM",38999,4.8,90.0,71.0,https://www.daraz.pk/products/12-8gb-256gb-667-5000-mah-67-i429674904-s2045924192.html?search=1,116,"BuildOSAndroid 13 OS UIMIUI 14 Dimensions168.6 x 76.3 x 8.2 mm Weight198 g SIMHybrid Dual SIM, Dual Standby, (Nano-SIM) ColorsMidnight Black, Sky Blue, Polar Silver Frequency2G BandSIM1: GSM 850 / 900 / 1800 / 1900"
Apple,Iphone7,28500,3.3,96.0,68.0,https://www.daraz.pk/products/ew12-1gb-2gb-64gb-5000-mah-i425938597-s2030859267.html?search=1,85,Iphone7 32gb
Xiaomi,Xiaomi Redmi Note 12 RAM 8 GB ROM,59880,0.0,89.0,93.0,https://www.daraz.pk/products/2gb-x5-32gb-65-5000mah-i425133239-s2013216692.html?search=1,35,"General FeaturesRelease Date2023-05-10SIM SupportHybrid Dual SIM (Nano-SIM, dual stand-by)Phone Dimensions165.66 x 75.96 x 7.85 mmPhone Weight183.5gOperating SystemMIUI 14 based on Android 13DisplayScreen Size6.67 inchesScreen Resolution1080 x 2400 pixelsScreen TypeAMOLED Capacitive Touchscreen, MultitouchScreen ProtectionCorning Gorilla Glass 3MemoryInternal Memory128 GBRAM8 GBCard SlotmicroSDXC (uses shared SIM slot)PerformanceProcessorQualcomm Snapdragon 685 (6nm)GPUAdreno 610BatteryTypeLi-Po 5000 mAh, non-removableCameraFront Camera13 MPFront Flash LightNoFront Video Recording1080p@30fpsBack Flash LightYesBack Camera50 MP + 8 MP + 2 MPBack Video Recording1080p@30fpsConnectivityBluetoothYes3GYes4G/LTEYes5GNoRadioNoWiFiYesNFCNoInstallment Plans"
Redmi,"Redmi Note 12 - 6.67"" Inch Display -",50950,5.0,95.0,50.0,https://www.daraz.pk/products/a2-3gb-4gb-65-ips-5000-mah-i432726489-s2103298616.html?search=1,142,1 Year Brand Warranty
Infinix,Infinix Hot 30 8GB Ram 128GB Memory,36490,4.7,91.0,75.0,https://www.daraz.pk/products/12-8gb-256gb-5000mah-i429700273-s2077728217.html?search=1,27,"Infinix Hot 30 detailed specificationsBuildOSAndroid 13 OS UIXOS 12.6 Dimensions168.7 x 76.6 x 8.4 mm Weight196 g SIMDual Sim, Dual Standby (Nano-SIM) ColorsRacing Black, Surfing Green, Sonic White, Free Fire Frequency2G BandSIM1: GSM 850 / 900 / 1800 / 1900"
Spark,Spark 10 Pro || 8GB Ram 256GB Rom,39999,4.8,85.0,77.0,https://www.daraz.pk/products/realme-narzo-50-656-inch-display-4gb-ram-64gb-rom-i406761791-s1954716410.html?search=1,44,"General FeaturesRelease Date2023-08-22SIM SupportDual Sim, Dual Standby (Nano-SIM)Phone Dimensions164.6 x 76.2 x 8.4mmPhone Weight208 gOperating SystemAndroid13 + HiOS 12.6DisplayScreen Size6.78 InchesScreen Resolution1080 x 2460 PixelsScreen TypeFHD+HScreen ProtectionN/AMemoryInternal Memory128/ 256 GBRAM8/16 GBCard SlotmicroSD Card, (supports upto 256GB)PerformanceProcessor2.0 Ghz Octa CoreGPUMali-G52 MC2BatteryType5000 mAhCameraFront Camera32 MPFront Flash LightNoFront Video RecordingYesBack Flash LightYesBack Camera50 MP + QVGABack Video RecordingYesConnectivityBluetoothYes3GYes4G/LTEYes5GNoRadioYesWiFiYesNFCYes"
Vivo,"Vivo Y17s - 6.56"" Inch Display - 6GB",43999,0.0,87.0,18.0,https://www.daraz.pk/products/p40-8gb-128gb-13mp-6000mah-i437130262-s2102452715.html?search=1,83,1 Year Brand Warranty
sony,sony Xperia 1 mark 2,46999,5.0,94.0,63.0,https://www.daraz.pk/products/12-4gb-128gb-50-mp-5000mah-i434796121-s2087467438.html?search=1,140,Sony Xperia 1 mark 2 non pta
Tecno,Tecno Camon 20 - 8GB RAM 256GB ROM,49499,4.3,91.0,75.0,https://www.daraz.pk/products/12-8gb-8gb-256-mah-i433024509-s2071826009.html?search=1,65,"pre { white-space: pre-wrap; }• Tecno Camon 20 - 8GB RAM 256GB ROM• 6.67"" AMOLED Display, 5000mAh Battery• 33W Fast Charge, 32MP Selfie Camera• 64 MP + 2MP + AI Cam + Quad Flash• PTA Approved, Fingerprint, Touchscreen, Wifi• Nano Sim Slots x2, E-Warranty included."
Xiaomi,"Xiaomi Poco X5 Pro - 6.67"" Inch FHD+",110750,4.7,95.0,94.0,https://www.daraz.pk/products/30-4-gb-64-gb-8-mp-16-mp-qvga-li-po-6000-mah-i427233504-s2030846651.html?search=1,121,1 Year Brand Warranty
Samsung,Samsung Galaxy A54 5G || 8GB+8GB Ram 256GB,139999,4.0,90.0,71.0,https://www.daraz.pk/products/4gb-a04s-128gb-65-ips-90hz-5000-mah-15-i429661925-s2045886879.html?search=1,56,"General FeaturesRelease Date2023-03-15SIM SupportSingle SIM (Nano-SIM, eSIM) or Hybrid Dual SIM (Nano-SIM, dual stand-by)Phone Dimensions158.2 x 76.7 x 8.2 mmPhone Weight202 gOperating SystemAndroid 13, One UI 5.1DisplayScreen Size6.4 inchesScreen Resolution1080 x 2340 pixelsScreen TypeSuper AMOLED, 120Hz, HDR10+, 1000 nits (HBM)Screen ProtectionCorning Gorilla Glass 5MemoryInternal Memory256 GBRAM8 GBCard SlotmicroSDXC (uses shared SIM slot)PerformanceProcessorExynos 1380GPUMali-G68 MP5BatteryTypeLi-Po 5000 mAh, non-removableCameraFront Camera32 MPFront Flash LightNoFront Video Recording4K@30fps, 1080p@30/60fpsBack Flash LightYesBack Camera12MP + 50MP + 5MPBack Video Recording4K@30fps, 1080p@30/60fps, 720p@480fpsConnectivityBluetoothYes3GYes4G/LTEYes5GYesRadioNoWiFiYesNFCYes (market/region dependent)"
Redmi,"Redmi 12C, 4GB RAM 64GB ROM , 50",25999,4.9,95.0,70.0,https://www.daraz.pk/products/30-8-gb-256-gb-16-mp-64-mp-2-mp-ai-5000-mah-i428562717-s2046479537.html?search=1,33,"BuildOSAndroid 12 OS UIMIU1 13 Dimensions168.8 x 76.4 x 8.8 mm Weight192 g SIMDual Sim, Dual Standby (Nano-SIM) ColorsBlack, Blue, Mint, Violet Frequency2G BandSIM1: GSM 850 / 900 / 1800 / 1900"
Tecno,Tecno Spark 10 Pro RAM 8 GB ROM,39990,0.0,77.0,87.0,https://www.daraz.pk/products/y81-622-hd-display-dual-sim-6gb-ram-128gb-rom-android-oreo-pta-approved-phone-and-box-only-no-charger-no-accessories-included-i436693426-s2098327886.html?search=1,106,"General FeaturesRelease Date2023-08-22SIM SupportDual Sim, Dual Standby (Nano-SIM)Phone Dimensions164.6 x 76.2 x 8.4mmPhone Weight208 gOperating SystemAndroid13 + HiOS 12.6DisplayScreen Size6.78 InchesScreen Resolution1080 x 2460 PixelsScreen TypeFHD+HScreen ProtectionN/AMemoryInternal Memory128 GBRAM8 GBCard SlotmicroSD Card, (supports upto 256GB)PerformanceProcessor2.0 Ghz Octa CoreGPUMali-G52 MC2BatteryType5000 mAhCameraFront Camera32 MPFront Flash LightNoFront Video RecordingYesBack Flash LightYesBack Camera50 MP + QVGABack Video RecordingYesConnectivityBluetoothYes3GYes4G/LTEYes5GNoRadioYesWiFiYesNFCYesInstallment Plans"
Infinix,"Infinix Note 30 Pro , 8GB RAM 256GB",69999,4.6,85.0,77.0,https://www.daraz.pk/products/infinix-smart-7-hd-66-inch-display-2gb-ram-64gb-rom-i422514574-s1998977011.html?search=1,94,"ProcessorCPUOcta-core (2 x 2.2 GHz Cortex-A76 + 6 x 2.0 GHz Cortex-A55) ChipsetMediatek MT8781 Helio G99 (6nm) GPUMali-G57 MC2 DisplayTechnologyAMOLED Capacitive Touchscreen, 1B, Multitouch Size6.67 Inches Resolution1080 x 2400 Pixels (~395 PPI) Extra Features120Hz, 900 nits (peak) MemoryBuilt-in256GB Built-in, 8GB RAM, UFS 2.2 CardmicroSDXC (dedicated slot) CameraMainTriple Camera: 108 MP, (wide), 1/1.67"", PDAF + 2 MP, (macro) + 2 MP, (depth), Quad LED Flash FeaturesPhase detection, Geo-tagging, Panorama, HDR, Video (1440p@30fps, 1080p@30fps) Front32 MP, f/2.0, (wide), 1/2.8"
ZTE,ZTE Blade V30 Vita - 4GB RAM 64GB/128GB,25449,4.8,90.0,71.0,https://www.daraz.pk/products/a2-3gb-4gb-65-ips-5000-mah-i431941132-s2060289933.html?search=1,103,IPS LCD
Redmi,Redmi Note 12 Pro - 8GB Ram 256GB,88999,0.0,91.0,75.0,https://www.daraz.pk/products/x5-5g-wach-8gb-256gb-wach-5000mah-i432534350-s2064853630.html?search=1,132,"General FeaturesRelease Date2023-08-14SIM SupportDual SIM (Nano-SIM, dual stand-by)Phone Dimensions164.20 x 76.1 x 8.12 mmPhone Weight201.8 gOperating SystemMIUI 13, based on Android 11DisplayScreen Size6.67 InchesScreen Resolution2400 x 1080Screen TypeFHD+ AMOLED DotDisplayScreen ProtectionCorning Gorilla Glass 5MemoryInternal Memory256 GBRAM8 GBCard SlotExpandable storage up to 1TBPerformanceProcessorSnapdragon® 732G Octa-core CPU, up to 2.2GHzGPUQualcomm® Adreno™ 618BatteryTypeLi-Po 5000 mAh, non-removableCameraFront Camera16 MPFront Flash LightNoFront Video Recording1080p 1920x1080 | 30fps 720p 1280x720 | 30fpsBack Flash LightYesBack Camera108 MP + 08 MP + 02 MPBack Video Recording4K 3840x2160 | 30fps 1080p 1920x1080 | 60fps 1080p 1920x1080 | 30fps 720p 1280x720 | 30fpsConnectivityBluetoothYes3GYes4G/LTEYes5GNoRadioNoWiFiYesNFCYes (market/region dependent)"
Motorola,Motorola edge plus 2020 | 12gb ram |,79999,5.0,91.0,88.0,https://www.daraz.pk/products/zte-4gb-a52-64gb-652-ips-lcd-5000mah-i433945977-s2081900483.html?search=1,104,Display:
INFINIX,INFINIX SMART 7 4GB RAM 64GB ROM ||,25399,2.3,77.0,87.0,https://www.daraz.pk/products/oppo-a37-50-hd-display-2gb-ram-16gb-rom-dual-sim-4g-pta-approved-phone-and-box-onlyno-charger-no-accessories-included-mix-color-i436693382-s2098325924.html?search=1,96,"DETAILS OF INFINIX SMART 7 4GB RAM 64GB ROM.Infinix is near to launch Smart 7 series of smartphones and it has been suggested that the devices may be launched in the upcoming months of this year, based on recent leaks.Then let's move on to the latest features of the Infinix Smart 7.Topping the list of features is a dual-lens camera setup, a 6.6-inch full-HD+ display, and a massive 6000 mAh battery with fast charging.In light of the fact that the smartphone might be launched with a massive 6000mAh battery pack, it is likely that users of this phone will be able to use it all day long on a single charge.Furthermore this Infinix Smart 7's a powerful Helio A22 SoC chipset with a couple of Octa-core CPUs.A dedicated memory card slot will enable users to expand the cell phone's memory up to 256GB in addition to the smartphone's 64GB of internal storage."
Google,Google Pixel 4A 5G - 6GB RAM -,62500,4.7,92.0,85.0,https://www.daraz.pk/products/sparx-neo-7-plus-4-gb-ram-64-gb-rom-13mp-camera-5000mah-battery-pta-approved-1year-brand-warranty-i429414221-s2053918040.html?search=1,46,✅ 6.2 inches Display
Samsung,"Samsung Galaxy A13 - 6.6"" Inch display -",43499,5.0,94.0,100.0,https://www.daraz.pk/products/4gb-12c-128gb-pta-1-i424387894-s2010688930.html?search=1,87,"Samsung Galaxy A13 - 6.6"" Inch display - 4GB RAM"
Xiaomi,"Xiaomi 13T , 12GB RAM 256GB ROM ,",179999,0.0,0.0,66.0,https://www.daraz.pk/products/8-8gb-128gb-i434672502-s2088087301.html?search=1,55,"BuildOSAndroid 13 OS UIMIUI 14 Dimensions162.2 x 75.7 x 8.5 mm Weight193 g SIMDual Sim, Dual Standby (Nano-SIM) ColorsAlpine Blue, Meadow Green, Black Frequency2G BandSIM1: GSM 850 / 900 / 1800 / 1900"
Sparx,Sparx Neo 5 Pro - 2GB RAM 32GB,19999,0.0,85.0,77.0,https://www.daraz.pk/products/apple-iphone-14-pro-max-67-inch-display-jv-sim-lock-i438064767-s2118875981.html?search=1,103,PTA Approved
Sparx,Sparx Neo 7 Plus || 4 Gb RAM,23299,5.0,88.0,95.0,https://www.daraz.pk/products/10-8gb-128gb-50-mp-i432048417-s2094334659.html?search=1,94,"Sparx Neo 7 Plus (64GB + 4GB) Brand Sparx Mobile Phones Features Bluetooth Mobiles, Camera Mobiles, Dual Sim Phones, FM Radio Mobiles, Memory Card, MP3 Playback, Video Recording, Wireless LAN OS Android Phones Price Range Rs. 15,000 - Rs. 25,000 Camera Features 8 MP Mobiles Specifications and Features of Sparx Neo 7 Plus(64GB + 4GB) Dimension 168. x 77.7 x 9.2mm Weight N/A Battery Non-removable Li-Po 5000 mAh Battery 18W Micro USB 1.5A Charger OS Android 12 (Go edition) Memory 64MB built-in, 4GB Ram MicroSD card support up to 128GB Processor Octa-core Processor Connectivity Bluetooth 5.0, A2DP, LE USB microUSB 2.0, ,WLAN (Wi-Fi 802.11 b/g/n, Wi-Fi Direct, hotspot), GPRS, EDGE, 3G HSPA, 4G LTE Display Size 6.56 inches, Sensors Fingerprint (side-mounted), accelerometer, proximity Display Colours IPS LCD capacitive touchscreen, 16M colors 720 x 1600 pixels Operating Frequency SIM1: GSM 850 / 900 / 1800 / 1900 SIM2: GSM 850 / 900 / 1800 / 1900 Browser HTML5 Body Colours Black , Blue Entertainment FM Radio, 3.5mm audio jack, MP4/H.263/H.264/WMV player, MP3/eAAC+/WMA/WAV player, YouTube, Google Talk, Games (built-in + downloadable) Camera Dual : 13MP, 0.08M PAF LED flash, HDR, panorama Video Front Camera 8MP Ring Tones MP3, WAV ringtones Messaging SMS(threaded view), MMS, Email, Push Mail, IM Other Features GPS Yes, with A-GPS Dual SIM + Micro Sim, dual stand-by), Photo/video editor, Document viewer, Google Search, Maps, Gmail, Document viewer, Speakerphone"
HONOR,"HONOR X6 Mobile Phone, 6.5 Inch Dual SIM",34999,4.3,94.0,63.0,https://www.daraz.pk/products/4gb-10c-128gb-16-mp-5000mah-i432435212-s2064546801.html?search=1,72,PTA Approved
Infinix,"Infinix Note 30 , 8GB RAM 256GB ROM",46999,0.0,90.0,71.0,https://www.daraz.pk/products/4gb-a05s-64gb-66-ips-4000mah-c-i436114926-s2094531455.html?search=1,73,"ProcessorCPUOcta-core (2 x 2.2 GHz Cortex-A76 + 6 x 2.0 GHz Cortex-A55) ChipsetMediatek MT8781 Helio G99 (6nm) GPUMali-G57 MC2 DisplayTechnologyIPS LCD Capacitive Touchscreen, 16M Colors, Multitouch Size6.78 Inches Resolution1080 x 2460 Pixels (~396 PPI) Extra Features120Hz, 580 nits (peak) MemoryBuilt-in128/256GB Built-in, 8GB RAM, UFS CardmicroSDXC (dedicated slot) CameraMainTriple Camera: 64 MP, f/1.7, (wide), 1/2"", PDAF + 2 MP, f/2.4, (depth) + QVGA, Quad LED Flash FeaturesPhase detection, Geo-tagging, Panorama, HDR, Video (1440p@30fps, 1080p@30/60fps) Front16 MP, f/2.0, (wide), LED flash, HDR, Video (1080p@30fps)"
Samsung,"Samsung A54 5G - 6.4"" Inch Display -",134999,4.5,93.0,71.0,https://www.daraz.pk/products/12-8gb-128gb-pta-1-i429486844-s2043854263.html?search=1,47,1 Year Brand Warranty
Infinix,Infinix Note 30 RAM 8 GB ROM 256,47980,0.0,96.0,68.0,https://www.daraz.pk/products/y17s-6gb-6gb-128gb-5000-mah-i434251857-s2082781703.html?search=1,127,"BuildOSAndroid 13 OS UIXOS Dimensions168.6 x 76.6 x 8.6 mm Weight219 g SIMDual Sim, Dual Standby (Nano-SIM) ColorsObsidian Black, Interstellar Blue, Sunset Gold Frequency2G BandSIM1: GSM 850 / 900 / 1800 / 1900"
